SEX,AGES,ADMISSION MODE,CGPA - 1,CGPA-2,CLUB / DEPARTMENT,BOARD STUDIED,TREATS GIVEN,CHARACTER,PIZZERIA EXPENDITURE (annual),GRAMS / MONTH,GPL
0,0.7307692307692307,0,0.885,0.7,0,0,1.0,0,0.0004747401304491834,0.45454545454545453,0
1,0.8076923076923077,1,0.701,0.9,0,1,0.25,1,5.4689507098830054e-05,0.018181818181818184,1
1,0.7692307692307693,0,0.3,0.8,0,0,1.0,1,0.0001980033488694618,0.02727272727272727,1
0,0.8076923076923077,0,0.5650000000000001,0.9,0,0,0.75,0,0.0003188947243666215,0.7727272727272727,0
0,0.6538461538461539,0,0.351,1.0,0,2,0.5,0,0.0003125710329485865,0.05454545454545454,0
0,0.8846153846153846,1,0.5519999999999999,0.9,0,0,0.0,0,0.00040944164653914446,0.4090909090909091,0
0,0.6538461538461539,0,0.40599999999999997,0.5,1,0,0.0,0,0.00038108927182971286,0.9818181818181819,0
1,0.7692307692307693,0,0.6910000000000001,0.4,0,0,0.0,0,4.280652652208299e-05,0.03636363636363637,1
1,0.7307692307692307,2,0.537,0.9,0,1,0.75,1,9.511017202363244e-05,0.04090909090909091,1
1,0.6538461538461539,0,0.40800000000000003,0.6,0,0,0.75,1,0.0001605476381626392,0.03636363636363637,1
0,0.7307692307692307,0,0.378,0.7,0,0,1.0,0,0.0005091613958235423,0.6272727272727273,0
0,0.8076923076923077,0,1.0,0.7,0,0,0.0,0,0.0004262584962442485,0.990909090909091,0
1,0.7307692307692307,0,0.3,1.0,0,0,0.0,0,0.000362743617605963,0.2545454545454545,0
1,0.8846153846153846,2,0.753,0.6,0,0,0.0,1,9.010681178079158e-05,0.013636363636363636,1
0,0.6538461538461539,0,0.365,0.8,2,2,0.75,0,0.0003688356719757183,0.5,0
0,0.6538461538461539,2,0.843,0.9,0,0,0.5,1,6.210189264377948e-05,0.03636363636363637,1
1,0.7692307692307693,0,0.7150000000000001,0.9,0,0,1.0,0,0.0003382827453076299,0.22727272727272727,0
1,0.6538461538461539,0,0.373,0.9,0,1,0.25,1,0.0001165365989895019,0.013636363636363636,1
0,0.8076923076923077,2,0.787,0.9,3,0,0.75,0,0.00037430230631511853,0.6272727272727273,0
0,0.8076923076923077,2,0.457,0.8,0,0,0.75,1,0.0001695814830455463,0.04090909090909091,1
1,0.7307692307692307,0,0.9490000000000001,1.0,0,2,1.0,0,0.00012721506691519468,0.022727272727272728,1
0,0.7692307692307693,1,0.499,0.8,0,0,1.0,1,0.00016219226120542482,0.02727272727272727,1
1,0.6923076923076923,0,0.665,0.8,1,0,0.75,0,0.00032644609214053873,0.09090909090909091,0
1,0.8076923076923077,0,0.485,0.9,0,0,0.5,1,9.397515048706207e-05,0.045454545454545456,1
0,0.6538461538461539,0,0.634,1.0,0,1,1.0,0,0.00034347141518909445,0.4454545454545455,0
0,0.7307692307692307,1,0.5349999999999999,0.9,1,0,0.0,0,0.00041791956250618036,0.8,0
1,0.6538461538461539,0,0.861,0.3,0,2,0.0,1,0.00010965697865559571,0.018181818181818184,1
0,0.6538461538461539,0,0.8140000000000001,0.3,0,0,0.75,0,0.0004108083051239945,0.4090909090909091,0
1,0.6538461538461539,1,0.808,0.4,0,1,0.0,1,0.00010050731524854875,0.018181818181818184,1
1,0.6538461538461539,0,0.472,0.9,0,2,1.0,0,0.00017124926979315993,0.045454545454545456,1
0,0.9230769230769231,2,0.579,0.6,0,0,1.0,0,0.0003666119563122335,0.6181818181818182,0
0,0.7692307692307693,1,0.9650000000000001,0.4,0,1,0.25,1,0.0003097450609595745,0.22727272727272727,0
0,0.8461538461538461,1,0.612,0.6,0,0,0.25,0,0.00046781418270562124,0.16363636363636364,0
0,0.6538461538461539,0,0.305,0.5,0,1,0.25,1,2.39975982017738e-05,0.031818181818181815,1
0,0.7307692307692307,0,0.7969999999999999,0.4,0,0,0.75,0,0.0003629289272445867,0.8545454545454546,0
1,0.7307692307692307,0,0.613,0.6,4,0,0.5,0,0.000329040427081271,0.12727272727272726,0
1,0.7307692307692307,0,0.601,0.6,0,1,0.25,0,0.00013851895487124259,0.031818181818181815,1
1,0.8461538461538461,0,0.9099999999999999,0.7,0,0,1.0,0,0.0004593594304434133,0.36363636363636365,0
1,0.7692307692307693,2,0.629,0.6,0,0,0.25,0,0.000383776261589757,0.6818181818181818,0
0,0.6538461538461539,0,0.842,0.9,0,1,0.75,0,0.0002719418946803324,0.49090909090909096,0
1,0.6538461538461539,2,0.6769999999999999,0.8,0,1,0.75,1,0.00018463789118372485,0.03636363636363637,1
1,0.7307692307692307,0,0.5349999999999999,0.3,0,2,0.75,1,9.828359958506392e-05,0.04090909090909091,1
0,0.6538461538461539,0,0.5730000000000001,0.6,0,0,0.75,1,0.0002692780686251162,0.7000000000000001,0
0,0.6538461538461539,0,0.568,0.3,0,2,1.0,0,0.0005057794949186592,0.890909090909091,0
1,0.6538461538461539,0,0.42699999999999994,0.6,0,2,0.0,1,4.7740395650439955e-05,0.03636363636363637,1
1,0.7307692307692307,0,0.659,0.3,0,0,0.25,0,0.00046149049128758624,0.8636363636363636,0
0,0.6923076923076923,0,0.734,1.0,2,0,0.75,0,0.0003113201928878763,0.24545454545454548,0
0,0.7307692307692307,0,0.759,0.6,0,0,1.0,0,0.0002785898779659589,0.12727272727272726,0
1,0.8846153846153846,1,0.5780000000000001,0.3,0,1,0.25,1,9.258532819738405e-05,0.022727272727272728,1
1,0.7692307692307693,2,0.619,0.8,0,0,0.75,1,0.0001453754115003208,0.03636363636363637,1
0,0.9230769230769231,1,0.675,0.6,0,1,1.0,0,0.0003750203811647855,0.7727272727272727,0
0,0.6538461538461539,1,0.733,0.7,0,0,0.5,1,0.0001018044827189149,0.045454545454545456,1
1,0.7307692307692307,2,0.3,0.5,0,0,1.0,1,0.00018239101181541205,0.018181818181818184,1
0,0.7692307692307693,0,0.381,0.4,0,1,0.75,0,0.0004292697778718842,0.9545454545454546,0
1,0.6923076923076923,2,0.727,1.0,0,0,1.0,1,0.00011364113588600604,0.045454545454545456,1
0,0.7307692307692307,0,0.632,0.9,0,1,0.25,0,0.000296101638815902,0.6636363636363636,0
1,0.8076923076923077,1,0.696,0.4,0,2,0.5,1,0.00010379656133412006,0.02727272727272727,1
0,0.8461538461538461,1,0.572,0.6,0,0,1.0,0,0.00032561219876673194,0.6909090909090909,0
0,0.6538461538461539,0,0.6639999999999999,0.8,1,0,1.0,0,0.0003244540135253336,0.5727272727272728,0
0,0.6538461538461539,1,0.45599999999999996,0.5,0,1,1.0,0,0.0002840101848957032,0.5727272727272728,0
0,0.6538461538461539,0,0.79,1.0,0,1,0.5,1,9.307176599877135e-05,0.022727272727272728,1
1,0.7692307692307693,2,0.32599999999999996,0.6,0,0,1.0,1,0.00014338333288511565,0.02727272727272727,1
0,0.7307692307692307,0,0.968,0.6,0,0,0.75,0,0.0004426120718527932,0.5818181818181819,0
1,0.7307692307692307,0,0.799,1.0,2,0,0.25,1,7.410069174466639e-05,0.02727272727272727,1
0,0.7692307692307693,0,0.85,0.3,4,0,1.0,0,0.0004158116653668354,0.9363636363636364,0
0,0.8076923076923077,2,0.5519999999999999,1.0,0,0,0.0,0,0.0003406454432000825,0.7636363636363637,0
0,0.7307692307692307,2,0.357,0.8,0,0,0.5,0,0.0004601933238172201,0.8090909090909091,0
0,0.7692307692307693,0,0.40099999999999997,1.0,0,1,0.25,0,0.00044346912893142797,0.6,0
0,0.8076923076923077,0,0.771,0.4,0,0,0.75,1,0.0001064372236845083,0.02727272727272727,1
0,0.7692307692307693,0,0.651,0.9,0,0,1.0,0,0.0004074032405142834,0.4090909090909091,0
0,0.6538461538461539,0,0.75,0.6,0,0,0.5,0,0.0002939242505620731,0.5454545454545454,0
0,0.6538461538461539,0,0.844,0.8,0,0,0.25,0,0.000448379834354957,0.6,0
0,0.6538461538461539,2,0.62,0.6,0,0,0.25,1,2.513261973834418e-05,0.045454545454545456,1
1,0.7692307692307693,0,0.321,0.8,0,0,1.0,0,0.00014556072113894455,0.04090909090909091,1
0,0.7307692307692307,0,0.524,0.9,0,0,0.75,0,0.00037129102468748285,0.5272727272727272,0
0,0.7692307692307693,0,0.65,0.3,0,0,0.0,1,8.104980319305649e-05,0.022727272727272728,1
1,0.6538461538461539,0,0.508,0.6,0,2,0.75,0,0.0001182275494419435,0.018181818181818184,1
0,0.7692307692307693,1,0.679,0.6,0,0,0.75,0,0.0003151653678893188,0.08181818181818182,0
1,0.7307692307692307,2,0.618,1.0,0,0,0.25,1,0.00013129187896491687,0.03636363636363637,1
1,0.8076923076923077,0,0.42300000000000004,0.3,1,0,1.0,1,0.000179611367236056,0.045454545454545456,1
0,0.7307692307692307,0,0.509,0.5,0,0,0.75,0,0.0004860208547004033,0.4272727272727273,0
0,0.6538461538461539,0,0.54,0.4,0,0,0.0,0,0.0003263302736163989,0.12727272727272726,0
1,0.7692307692307693,1,0.387,0.7,1,0,0.25,1,8.579836268278972e-05,0.04090909090909091,1
0,0.7692307692307693,0,0.514,0.9,0,0,1.0,0,0.0003830118593304341,0.12727272727272726,0
0,0.7692307692307693,0,0.655,0.3,0,0,0.0,0,0.000398531541565172,0.14545454545454548,0
0,0.7307692307692307,0,0.696,0.6,0,0,0.5,0,0.00045681142291233693,0.9090909090909091,0
0,0.8461538461538461,1,0.6769999999999999,0.7,0,0,0.25,0,0.00032723365810468963,0.5454545454545454,0
0,0.7692307692307693,0,0.8720000000000001,1.0,0,0,0.25,0,0.0002666837336843839,0.12727272727272726,0
0,0.9230769230769231,0,0.741,0.8,0,0,0.25,0,0.00040809815165912235,0.12727272727272726,0
0,0.6538461538461539,0,0.374,0.7,0,0,0.0,0,0.0003591069159479722,0.20909090909090908,0
0,0.9615384615384616,1,0.6900000000000001,0.7,0,1,0.25,0,0.0004014038409638399,0.21818181818181817,0
0,0.7692307692307693,1,0.529,0.3,0,1,0.5,1,0.00015139797475559222,0.045454545454545456,1
1,0.8076923076923077,2,0.481,1.0,0,0,1.0,1,0.000101040080459592,0.03636363636363637,1
0,0.8076923076923077,2,0.514,0.8,0,0,1.0,0,0.0003027727858063565,0.7636363636363637,0
1,0.7692307692307693,0,0.8320000000000001,0.6,0,0,0.5,0,0.000407658041267391,0.16363636363636364,0
0,0.6538461538461539,0,0.618,1.0,3,0,0.0,0,0.0002555651553669598,0.9545454545454546,0
0,0.7307692307692307,1,0.737,0.3,0,0,0.25,0,0.0004157885016620074,0.8818181818181817,0
0,0.8076923076923077,0,0.3,0.5,0,0,0.5,0,0.0002683051930223416,0.05454545454545454,0
0,0.8076923076923077,0,0.61,0.6,4,0,0.5,0,0.0004198653137117296,0.990909090909091,0
0,0.7692307692307693,0,0.89,1.0,0,0,0.5,0,0.0003300596300937016,0.3,0
1,0.7307692307692307,0,0.6759999999999999,0.3,0,0,0.25,1,0.00012232752519649365,0.04090909090909091,1
0,0.6538461538461539,0,0.6910000000000001,0.8,0,0,0.75,0,7.877976011991573e-05,0.04090909090909091,1
0,0.8076923076923077,0,0.859,0.3,0,0,0.75,1,0.0004094879739488004,0.06363636363636363,0
1,0.6538461538461539,0,0.3,1.0,0,2,0.25,0,0.00013291333830287456,0.03636363636363637,1
0,0.8461538461538461,1,0.521,0.9,0,0,1.0,0,0.0003106947728575212,0.5909090909090909,0
1,0.7307692307692307,0,0.523,0.6,0,1,0.5,0,0.00037237971881439727,0.8090909090909091,0
0,0.7307692307692307,0,0.662,0.9,0,0,0.5,0,0.00029519825432761126,0.9090909090909091,0
1,0.7307692307692307,0,0.795,0.7,0,0,0.75,0,0.00041900825663309483,0.09090909090909091,0
1,0.7307692307692307,0,0.5660000000000001,0.4,0,1,0.0,0,0.0004242200902193874,0.5181818181818182,0
0,0.7307692307692307,0,0.8640000000000001,0.4,0,0,0.0,0,0.0002539436960290021,0.9090909090909091,0
0,0.9615384615384616,0,0.794,0.3,0,2,0.5,0,0.00026531707509953385,0.990909090909091,0
0,0.7692307692307693,2,0.618,0.9,0,0,0.25,0,0.00031430831081068406,0.8727272727272727,0
0,0.7692307692307693,1,0.9570000000000001,0.7,0,1,1.0,1,0.00028211076109980993,0.5363636363636364,0
1,0.6538461538461539,0,0.475,1.0,2,0,0.0,0,0.00042832006597393757,0.15454545454545454,0
0,0.7307692307692307,2,0.46900000000000003,0.8,4,0,0.0,0,0.00024247766213915842,0.7545454545454546,0
0,0.6538461538461539,0,0.544,0.8,0,0,0.5,0,0.0004823841530424125,0.49090909090909096,0
0,0.8076923076923077,2,0.671,0.5,0,1,0.25,0,0.0003588057877852086,0.8,0
1,0.8076923076923077,2,0.516,1.0,0,0,0.5,1,5.4133578182958845e-05,0.013636363636363636,1
0,0.8846153846153846,1,0.403,0.7,0,0,1.0,0,0.00044536855272732124,0.36363636363636365,0
0,0.6923076923076923,0,0.42800000000000005,1.0,0,1,0.0,1,4.352460137174997e-05,0.045454545454545456,1
0,0.6538461538461539,0,0.3,1.0,0,2,0.75,0,0.0003838689164090689,0.24545454545454548,0
0,0.7692307692307693,0,0.733,0.4,0,0,0.75,1,0.00016511088801374869,0.031818181818181815,1
1,0.6538461538461539,0,0.9470000000000001,0.7,0,1,1.0,0,0.00015271830593078633,0.022727272727272728,1
0,0.8461538461538461,0,0.528,0.6,0,0,1.0,0,0.0004333465899216064,0.5909090909090909,0
0,0.8076923076923077,0,0.6910000000000001,0.3,0,1,0.75,0,0.00038644008764497325,0.17272727272727273,0
0,0.7307692307692307,0,0.683,0.3,0,0,0.0,1,0.00040383602997077643,0.9090909090909091,0
1,0.8461538461538461,0,0.45099999999999996,0.3,0,0,0.5,1,0.00031141284770718814,0.8,0
1,0.7692307692307693,2,0.544,0.6,0,0,0.0,1,7.349843541913924e-05,0.02727272727272727,1
0,0.7692307692307693,2,0.7889999999999999,0.6,0,0,1.0,1,0.0004056427989473579,0.9454545454545454,0
0,0.7692307692307693,2,0.645,0.5,0,1,0.25,0,0.00030874902165197197,0.7272727272727273,0
1,0.7307692307692307,1,0.503,0.6,0,0,0.5,1,0.00013951499417884516,0.022727272727272728,1
0,0.8076923076923077,1,0.721,0.7,0,0,0.75,0,0.00028945365553027547,0.18181818181818182,0
0,0.7307692307692307,0,0.702,0.4,0,0,0.75,0,0.0004940354965708799,0.7727272727272727,0
0,0.7692307692307693,1,0.624,0.9,0,1,1.0,0,0.0004586413555937463,0.5727272727272728,0
1,0.6538461538461539,0,0.32599999999999996,0.5,0,1,0.5,0,0.00033997369576007144,0.9090909090909091,0
1,0.7307692307692307,0,0.617,0.3,0,0,0.25,1,0.00010852195711902533,0.045454545454545456,1
1,0.7692307692307693,0,0.616,0.8,0,0,1.0,1,0.000199277352635,0.045454545454545456,1
0,0.7307692307692307,0,0.635,0.7,0,2,0.75,0,0.0002859096086915965,0.6181818181818182,0
0,0.7307692307692307,2,0.837,0.5,0,0,0.5,0,0.0003105326269237254,0.2545454545454545,0
0,0.7307692307692307,2,0.3,0.3,0,0,0.25,1,0.00044710583058941875,0.22727272727272727,0
0,0.7692307692307693,0,0.604,0.5,0,0,0.0,1,6.997755228528826e-05,0.02727272727272727,1
1,0.6923076923076923,0,0.644,0.5,4,0,0.75,0,0.0004950778632881384,0.03636363636363637,0
0,0.8076923076923077,2,0.805,0.6,0,0,0.25,0,0.00041138739774469366,0.4090909090909091,0
0,0.8846153846153846,2,0.34199999999999997,0.3,0,0,0.25,1,0.0002753932866996995,0.4,0
1,0.7307692307692307,1,0.5549999999999999,0.5,0,0,0.0,0,6.752219957352376e-05,0.045454545454545456,1
0,0.8846153846153846,0,0.607,0.3,0,0,1.0,0,0.00031134335659270426,0.6,0
0,0.8461538461538461,0,0.325,1.0,0,0,1.0,0,0.0004868779117790381,0.9363636363636364,0
0,0.6538461538461539,0,0.961,1.0,0,0,0.25,0,0.0002676102818775026,0.05454545454545454,0
0,0.8846153846153846,1,0.55,0.4,0,1,0.5,0,0.0003313104701544118,0.6272727272727273,0
1,0.7307692307692307,0,0.458,0.7,0,2,1.0,1,9.529548166225618e-05,0.02727272727272727,1
0,0.7692307692307693,0,0.532,0.7,0,0,1.0,0,0.0003986705237941398,0.8727272727272727,0
0,0.6538461538461539,0,0.353,0.6,0,0,0.5,0,0.0003086332031278321,0.8545454545454546,0
0,0.6538461538461539,0,0.798,0.4,3,0,0.5,0,0.0004544487250198843,0.4818181818181818,0
0,0.8461538461538461,0,0.47000000000000003,0.6,0,0,1.0,1,0.00032019189183698767,0.8727272727272727,0
1,0.8461538461538461,2,0.883,1.0,0,0,0.5,0,0.0001272845580296786,0.045454545454545456,1
0,0.7692307692307693,0,0.9630000000000001,0.7,0,0,1.0,0,0.0003645735502873724,0.41818181818181815,0
0,0.7307692307692307,0,0.8630000000000001,0.8,0,0,0.25,0,0.00036385547543770543,0.9,0
0,0.6538461538461539,0,0.496,0.8,2,0,0.75,0,0.0002822960707384337,0.3909090909090909,0
0,0.6923076923076923,0,0.688,0.6,0,0,0.25,1,0.00010238357533961408,0.02727272727272727,1
1,0.6538461538461539,1,0.8539999999999999,0.4,0,0,1.0,1,0.00014905844056796756,0.045454545454545456,1
1,0.8461538461538461,0,0.701,0.5,0,0,1.0,0,0.000323481137922559,0.5909090909090909,0
0,0.6538461538461539,1,0.521,0.8,0,0,0.25,0,0.000296773386255913,0.5818181818181819,0
0,0.7692307692307693,0,1.0,0.7,0,0,0.0,0,0.0004435154563410839,0.17272727272727273,0
0,0.9230769230769231,1,0.343,0.7,0,0,0.25,0,0.0002840333486005312,0.5363636363636364,0
0,0.6538461538461539,0,0.868,0.7,2,2,0.0,0,0.0002961479662255579,0.7818181818181817,0
1,0.6538461538461539,0,0.457,0.6,0,0,1.0,1,0.00012436593122135475,0.04090909090909091,1
0,0.7307692307692307,0,0.579,0.3,0,0,0.75,1,0.00028595593610125246,0.3,0
0,0.8846153846153846,1,0.544,0.7,0,1,0.25,1,0.00038979882484502845,0.8545454545454546,0
0,0.7307692307692307,0,0.544,0.6,0,0,0.5,0,0.00035873629667072473,0.34545454545454546,0
0,0.6538461538461539,0,0.6,1.0,1,0,1.0,0,0.0005022354480799802,0.12727272727272726,0
1,0.8846153846153846,1,1.0,0.9,0,1,0.0,0,0.0004353155048319836,0.6636363636363636,0
0,0.7692307692307693,2,0.649,0.4,0,0,0.5,0,0.0003667509385412013,0.49090909090909096,0
0,0.8076923076923077,0,0.528,0.8,0,0,0.0,0,0.0003696927290543531,0.49090909090909096,0
0,0.6538461538461539,2,0.472,0.5,0,1,0.0,0,0.00043645052636855395,0.34545454545454546,0
0,0.6923076923076923,0,0.796,0.6,2,0,0.0,0,0.000263093359436049,0.09090909090909091,0
0,0.6538461538461539,2,0.762,0.4,4,0,0.25,1,6.337589640931767e-05,0.045454545454545456,1
1,0.6538461538461539,0,0.6799999999999999,0.4,0,0,0.75,1,0.00014868782129072008,0.013636363636363636,1
0,0.6538461538461539,1,0.706,0.9,0,0,1.0,0,0.0004106693228950267,0.4272727272727273,0
1,0.6538461538461539,0,0.913,0.4,0,2,0.25,0,0.00010527903844310995,0.045454545454545456,1
0,0.8461538461538461,1,0.9339999999999999,0.3,0,0,0.75,1,0.00013754607926846796,0.022727272727272728,1
0,0.8461538461538461,0,0.398,0.4,0,2,1.0,1,0.00030434791773465824,0.23636363636363636,0
0,0.8076923076923077,0,0.595,0.6,0,0,0.5,0,0.00045583854730956233,0.9636363636363636,0
1,0.8076923076923077,2,0.421,0.4,0,0,0.75,1,0.00012976307444627106,0.013636363636363636,1
0,0.7307692307692307,2,0.865,0.8,0,0,0.75,1,0.0004664938515304271,0.8636363636363636,0
1,0.7307692307692307,0,0.724,0.6,0,0,0.25,1,2.9186268083238403e-05,0.013636363636363636,1
0,0.6538461538461539,2,0.736,0.5,0,0,1.0,0,0.00014970702430315062,0.03636363636363637,1
1,0.8461538461538461,1,0.8230000000000001,1.0,3,1,0.75,1,0.00011713885531502905,0.02727272727272727,1
1,0.9230769230769231,1,0.526,0.6,0,1,0.75,1,0.00015707308243844412,0.031818181818181815,1
0,0.6538461538461539,0,0.51,0.8,0,2,1.0,0,0.0003736073951702795,0.17272727272727273,0
0,0.8461538461538461,0,0.867,1.0,0,0,0.0,0,0.000283454255979832,0.7272727272727273,0
1,0.6538461538461539,0,0.575,0.6,0,2,0.0,0,0.00010425983543067941,0.045454545454545456,1
1,0.7692307692307693,2,0.756,0.6,0,0,1.0,1,0.0003103241535802737,0.2636363636363636,0
0,0.7692307692307693,0,1.0,0.8,0,0,0.5,0,0.000451136315229485,0.43636363636363634,0
0,0.8076923076923077,0,0.525,0.6,0,0,0.25,1,0.000303097077673948,0.4454545454545455,0
0,0.8461538461538461,0,0.537,0.5,0,1,1.0,0,0.00045324421236883004,0.5909090909090909,0
0,0.7307692307692307,0,1.0,0.7,0,0,0.0,1,8.028540093373357e-05,0.02727272727272727,1
1,0.6538461538461539,0,0.356,0.5,0,0,1.0,0,0.00041687719578892187,0.8727272727272727,0
0,0.8076923076923077,0,0.735,0.9,0,0,0.5,1,0.00028736892209575845,0.8181818181818182,0
0,0.7692307692307693,0,0.425,0.4,0,1,0.5,1,0.00012408796676341915,0.013636363636363636,1
1,0.7307692307692307,0,0.629,0.9,0,2,0.75,1,0.0001675662407255132,0.022727272727272728,1
0,0.7692307692307693,0,0.834,0.8,0,0,1.0,0,0.00034916968657677436,0.3090909090909091,0
1,0.8076923076923077,2,0.9640000000000001,0.8,0,0,0.25,0,0.00013819466300365104,0.013636363636363636,1
0,0.7307692307692307,0,0.616,0.8,0,0,1.0,1,0.0003162308983114053,0.15454545454545454,0
0,0.7692307692307693,2,0.9289999999999999,0.7,0,0,0.5,0,0.00027381815477139774,0.7818181818181817,0
0,0.6538461538461539,0,0.739,0.3,0,2,0.25,0,0.00031998341849353597,0.8454545454545456,0
1,0.7692307692307693,1,0.5469999999999999,0.9,0,1,0.5,0,0.0001288828536628083,0.031818181818181815,1
1,0.7692307692307693,0,0.52,0.6,0,0,1.0,1,0.00013942233935953328,0.03636363636363637,1
0,0.8461538461538461,2,0.8630000000000001,0.9,0,0,1.0,0,0.00046656334264491106,0.6,0
1,0.8076923076923077,1,0.536,1.0,0,1,0.75,1,0.00017388993214354816,0.03636363636363637,1
0,0.7692307692307693,2,0.8240000000000001,0.7,0,0,1.0,0,0.0004232240509117848,0.15454545454545454,0
0,0.7307692307692307,0,0.759,0.7,0,0,0.0,1,2.988117922807741e-06,0.045454545454545456,1
0,0.7692307692307693,2,0.515,0.4,0,0,1.0,0,0.000507308299437305,0.9363636363636364,0
0,0.8846153846153846,0,0.5,0.8,0,0,0.25,0,0.0003576012751341543,0.05454545454545454,0
0,0.6538461538461539,0,0.733,0.9,0,0,0.0,0,0.00025431431530624954,0.43636363636363634,0
0,0.8076923076923077,1,0.765,0.8,0,0,0.0,1,5.042738541048413e-05,0.04090909090909091,1
0,0.7307692307692307,0,0.575,1.0,0,0,1.0,0,0.00041006706656949955,0.7727272727272727,0
0,0.7307692307692307,2,0.5700000000000001,1.0,0,0,0.75,1,0.00015413129192529232,0.03636363636363637,1
0,0.7307692307692307,0,0.914,0.9,3,0,1.0,0,0.00047033902653186965,0.8545454545454546,0
0,0.7307692307692307,2,0.5780000000000001,0.5,0,0,0.5,1,0.0003284844981653998,0.2636363636363636,0
1,0.6538461538461539,0,0.5660000000000001,0.9,1,0,0.5,0,0.0004009868942769365,0.17272727272727273,0
1,0.8076923076923077,1,0.827,0.7,0,0,1.0,1,0.00017340349434216085,0.018181818181818184,1
0,0.7692307692307693,0,0.678,0.4,0,0,0.75,0,0.0004854417620797041,0.7181818181818183,0
0,0.9230769230769231,2,0.359,0.7,0,0,0.25,1,0.0004306132727519063,0.4272727272727273,0
1,0.6923076923076923,0,0.8939999999999999,0.9,2,0,1.0,1,0.00013784720743123153,0.031818181818181815,1
0,0.7692307692307693,2,0.713,0.8,0,0,1.0,0,0.00047777457578164706,0.5,0
1,0.6538461538461539,0,0.915,0.8,0,0,0.25,0,0.0003282760248219481,0.7545454545454546,0
0,0.8461538461538461,2,0.682,0.7,0,0,0.25,1,0.00027865936908044286,0.7090909090909091,0
1,0.6923076923076923,2,0.752,0.5,0,0,0.5,0,9.399831419189002e-05,0.018181818181818184,1
0,0.7307692307692307,2,0.61,1.0,0,0,1.0,0,0.0002810683943825514,0.20909090909090908,0
0,0.8076923076923077,2,0.688,0.3,0,0,0.0,1,0.0004516690804405283,0.9,0
1,0.6538461538461539,0,0.8939999999999999,0.6,0,1,0.25,0,0.00032769693220124896,0.4272727272727273,0
1,0.6538461538461539,0,0.731,0.3,0,2,0.25,1,4.3223473208986396e-05,0.018181818181818184,1
0,0.7692307692307693,2,0.734,0.6,0,0,1.0,0,0.00046042496086549976,0.045454545454545456,0
0,0.7307692307692307,0,0.623,0.6,0,0,0.5,0,0.00044754594098115013,0.07272727272727274,0
0,0.7692307692307693,0,0.75,0.3,0,1,0.0,0,0.0002681662107933738,0.8,0
0,0.8461538461538461,1,0.6990000000000001,0.9,4,2,1.0,0,0.000497486888590247,0.06363636363636363,0
1,0.7692307692307693,0,0.746,0.4,0,0,1.0,0,0.0005053162208220998,0.4818181818181818,0
1,0.7692307692307693,2,0.591,0.8,0,0,0.5,0,7.104308270737475e-05,0.045454545454545456,1
0,0.8076923076923077,1,0.568,0.9,0,0,0.75,0,7.72509556012699e-05,0.031818181818181815,1
0,0.8846153846153846,2,0.3,0.4,0,0,0.75,0,0.0004656831218614483,0.9,0
0,0.6538461538461539,0,0.528,1.0,0,0,0.75,1,0.0004484261617646129,0.22727272727272727,0
1,0.7692307692307693,0,0.767,0.3,0,0,0.25,0,0.0002736791725424299,0.9545454545454546,0
0,0.9230769230769231,1,0.8960000000000001,0.8,0,0,0.0,0,0.000292580755682051,0.6727272727272727,0
0,0.7692307692307693,0,0.47000000000000003,1.0,0,0,0.5,1,0.00027087636425824593,0.02727272727272727,0
1,0.8461538461538461,0,0.648,0.9,0,0,0.25,0,0.00036186339682250023,0.03636363636363637,0
1,0.7692307692307693,0,0.696,1.0,0,1,0.5,0,0.00014289689508372835,0.022727272727272728,1
1,0.7692307692307693,1,0.42699999999999994,0.4,0,0,1.0,1,0.00012024279176197662,0.02727272727272727,1
1,0.8076923076923077,1,0.354,0.6,0,1,0.75,1,8.818422428007031e-05,0.022727272727272728,1
1,0.8846153846153846,2,0.708,1.0,0,0,1.0,1,9.696326840986981e-05,0.045454545454545456,1
0,0.6538461538461539,0,0.5349999999999999,0.4,0,2,1.0,0,0.00032267040825358014,0.11818181818181818,0
0,0.6538461538461539,0,0.40800000000000003,0.7,2,0,0.0,0,0.00010018302338095722,0.02727272727272727,1
0,0.8846153846153846,1,0.8,0.8,0,0,1.0,1,0.0003715458254405905,0.9363636363636364,0
0,0.8461538461538461,1,0.546,0.9,0,0,0.25,0,0.00040413715813354,0.8636363636363636,0
1,0.6538461538461539,0,0.6980000000000001,0.6,0,2,0.5,1,0.00033202854500407876,0.12727272727272726,0
0,0.8076923076923077,2,0.581,0.6,0,0,0.0,0,0.00036404078507632913,0.5909090909090909,0
0,0.7307692307692307,0,0.727,0.4,2,0,0.5,0,0.23163704827966985,0.6,0
0,0.7692307692307693,0,0.383,0.6,0,0,0.25,1,0.0001268676113427752,0.03636363636363637,1
1,0.9230769230769231,1,0.765,1.0,0,0,0.75,1,0.0001007621160016564,0.013636363636363636,1
1,0.8076923076923077,1,0.627,0.9,0,0,0.75,1,8.779044129799488e-05,0.045454545454545456,1
0,0.6538461538461539,1,0.714,1.0,0,0,0.75,0,0.00047483278526849526,0.6909090909090909,0
0,0.7692307692307693,0,0.426,0.8,0,0,0.75,0,8.973619250354411e-05,0.013636363636363636,1
1,0.8461538461538461,2,0.849,0.8,0,0,1.0,1,0.00010229092052030221,0.018181818181818184,1
0,0.8076923076923077,1,0.764,0.4,0,1,1.0,0,0.0002979084077924834,0.9454545454545454,0
1,0.6538461538461539,0,0.545,0.6,0,2,0.5,1,0.00010845246600454143,0.03636363636363637,1
1,0.9230769230769231,1,0.842,0.9,0,0,0.75,1,0.00016462445021236138,0.013636363636363636,1
1,0.8461538461538461,0,0.48200000000000004,0.9,0,0,1.0,1,0.0003705497861329879,0.7181818181818183,0
0,0.6538461538461539,2,0.731,0.6,0,0,0.25,0,0.0002576498888014768,0.5272727272727272,0
0,0.6923076923076923,0,0.86,0.3,2,2,0.5,1,0.0004769638461126682,0.8090909090909091,0
1,0.8076923076923077,0,0.485,0.6,0,0,0.25,1,0.00010743326299211088,0.022727272727272728,1
0,0.9230769230769231,0,0.8019999999999999,0.6,0,2,0.75,0,0.0004632277691496838,0.17272727272727273,0
0,0.7692307692307693,0,0.627,0.3,0,0,0.25,0,0.0003751130359840974,0.5727272727272728,0
0,0.7307692307692307,0,0.791,0.5,0,0,0.5,1,0.00032890144485230326,0.4818181818181818,0
0,0.7307692307692307,0,0.65,0.9,0,0,0.25,1,0.00013506756285187549,0.045454545454545456,1
0,0.6538461538461539,1,0.513,0.7,0,0,0.75,0,0.0003468301523891497,0.045454545454545456,0
0,0.8076923076923077,0,0.576,0.5,0,1,0.0,1,0.0003495634695588498,0.7818181818181817,0
0,0.7692307692307693,0,0.868,0.9,0,0,0.25,1,4.2713871702771126e-05,0.045454545454545456,1
0,0.7307692307692307,0,0.633,0.6,0,0,1.0,1,0.0004026083536148942,0.6363636363636364,0
0,0.8461538461538461,2,0.562,0.5,0,0,0.75,1,0.00013580880140637045,0.045454545454545456,1
1,0.7307692307692307,0,0.483,0.5,0,2,1.0,1,0.0001634199375613071,0.022727272727272728,1
1,0.7692307692307693,1,0.548,0.9,0,0,1.0,1,0.00019895306076740844,0.045454545454545456,1
1,0.7307692307692307,1,0.875,0.3,0,1,0.75,1,0.00014843302053761244,0.013636363636363636,1
0,0.8076923076923077,2,0.3,0.4,0,1,1.0,0,0.0004332539351022945,0.6181818181818182,0
1,0.7692307692307693,0,0.516,0.7,0,0,0.0,1,0.00043834995016444727,0.7818181818181817,0
0,0.7692307692307693,0,0.422,0.7,0,0,0.25,0,0.0003531306801023567,0.8727272727272727,0
0,0.6538461538461539,1,0.735,0.3,0,1,1.0,0,0.0004446273141728263,0.9090909090909091,0
0,0.7692307692307693,0,0.597,0.9,0,1,0.0,0,0.0003969332459320423,1.0,0
1,0.6538461538461539,1,0.874,1.0,0,0,0.0,0,0.00028973161998821105,0.06363636363636363,0
0,0.6538461538461539,1,0.315,0.4,0,0,0.25,1,0.00011208916766253224,0.022727272727272728,1
1,0.8846153846153846,1,0.742,1.0,0,1,0.75,1,0.00014708952565759036,0.031818181818181815,1
1,0.6538461538461539,0,0.375,0.6,0,2,1.0,1,0.0001991846978156881,0.013636363636363636,1
0,0.6538461538461539,0,0.6839999999999999,0.7,4,2,0.75,1,9.545762759605195e-05,0.022727272727272728,1
0,0.7307692307692307,0,0.759,0.3,0,0,1.0,0,0.0003127100151775543,0.4818181818181818,0
1,0.6538461538461539,2,0.708,0.7,0,2,0.0,1,8.67249108759084e-05,0.018181818181818184,1
0,0.6538461538461539,0,0.67,0.5,0,0,1.0,0,0.000501007771724098,0.7545454545454546,0
0,0.6538461538461539,1,0.465,0.7,0,0,0.0,1,6.138381779411251e-06,0.03636363636363637,1
1,0.6538461538461539,1,0.549,0.4,0,1,1.0,1,0.00013261221014011098,0.022727272727272728,1
1,0.7307692307692307,1,0.579,0.9,0,1,0.75,1,0.00012151679552751481,0.018181818181818184,1
0,0.7692307692307693,2,0.669,0.8,0,1,1.0,0,0.0005032778147972387,0.13636363636363635,0
1,0.7692307692307693,1,0.735,0.5,0,1,0.75,1,0.00012133148588889107,0.045454545454545456,1
1,0.7692307692307693,1,0.48600000000000004,0.6,0,1,0.75,1,0.00014929007761624723,0.03636363636363637,1
1,0.7307692307692307,1,0.3,0.7,4,1,0.75,1,8.172155063306753e-05,0.022727272727272728,1
1,0.7692307692307693,2,0.731,0.6,0,0,0.75,0,0.0004927846565101697,0.3909090909090909,0
0,0.7692307692307693,0,0.3,0.8,0,0,0.5,1,0.00045878033782271413,0.9727272727272727,0
0,0.8461538461538461,2,0.768,0.3,0,0,0.0,0,0.0004411759221534592,0.990909090909091,0
1,0.7692307692307693,2,1.0,0.7,0,0,0.75,1,0.00014037205125747994,0.022727272727272728,1
0,0.8846153846153846,2,0.472,1.0,0,0,0.75,0,0.0004514374433922486,0.13636363636363635,0
1,0.7692307692307693,1,0.945,0.4,0,0,0.75,1,0.0001318246441759601,0.045454545454545456,1
1,0.8461538461538461,1,0.597,1.0,0,1,1.0,0,0.00012920714553039985,0.04090909090909091,1
0,0.7307692307692307,0,0.675,0.9,0,0,1.0,0,0.0004842140857238219,0.8,0
0,0.7692307692307693,0,0.597,0.3,0,0,0.75,0,0.0004708486280380849,0.41818181818181815,0
1,0.7692307692307693,2,0.616,0.4,0,2,0.0,0,5.797875318440137e-05,0.02727272727272727,1
1,0.7307692307692307,2,0.8710000000000001,0.7,0,0,0.75,1,0.00011908460652057828,0.04090909090909091,1
1,0.8076923076923077,1,0.679,0.4,0,1,0.25,1,6.543746613900674e-05,0.045454545454545456,1
0,0.9230769230769231,0,0.365,0.7,0,0,0.75,0,0.0004634362424931355,0.22727272727272727,0
1,0.8076923076923077,2,0.76,0.4,0,0,0.5,1,0.0001458850130065361,0.018181818181818184,1
1,0.7692307692307693,0,0.754,1.0,0,0,0.75,1,0.0001367353495994891,0.045454545454545456,1
1,0.7307692307692307,1,0.398,1.0,0,1,0.75,1,0.00012401847564893524,0.031818181818181815,1
1,0.6538461538461539,0,0.483,0.3,4,2,0.75,1,7.891874234888353e-05,0.018181818181818184,1
0,0.8461538461538461,1,0.982,0.6,0,0,1.0,1,0.00044599397275767633,0.36363636363636365,0
0,0.8076923076923077,1,0.9869999999999999,0.7,0,0,0.25,0,0.0003948948399071812,0.23636363636363636,0
0,0.7307692307692307,0,0.503,0.9,4,0,0.0,0,0.0002854926620046931,0.20909090909090908,0
1,0.6538461538461539,1,0.526,0.6,0,0,0.75,1,0.00014901211315831162,0.031818181818181815,1
0,0.6538461538461539,0,0.767,0.7,0,0,1.0,0,0.0004291307956429164,0.36363636363636365,0
0,0.7692307692307693,1,0.639,0.3,0,0,0.0,0,0.0004488199447466883,0.03636363636363637,0
1,0.8461538461538461,1,0.476,1.0,0,1,0.5,1,8.102663948822852e-05,0.018181818181818184,1
0,0.8461538461538461,0,0.534,1.0,0,0,1.0,1,0.00017518709961391433,0.013636363636363636,1
0,0.8461538461538461,1,0.817,0.3,0,0,1.0,0,0.0004996874405489039,0.02727272727272727,0
0,0.6538461538461539,2,0.7,0.6,0,0,0.5,0,0.00014023306902851212,0.02727272727272727,1
1,0.7692307692307693,1,0.562,0.4,1,0,0.75,0,0.00016999842973244972,0.018181818181818184,1
0,0.7692307692307693,2,0.679,0.9,0,0,1.0,0,0.00035512275871756185,0.4818181818181818,0
0,0.7692307692307693,2,0.9119999999999999,0.4,0,0,1.0,1,0.0002901485666751145,0.990909090909091,0
0,0.8076923076923077,2,0.49800000000000005,0.3,0,0,0.0,1,0.00037386219592338714,0.11818181818181818,0
1,0.7692307692307693,2,0.5780000000000001,1.0,0,0,0.25,1,8.37831203627566e-05,0.045454545454545456,1
1,0.8461538461538461,2,0.692,0.9,0,0,1.0,1,0.00011882980576747063,0.02727272727272727,1
1,0.6538461538461539,0,0.563,0.9,0,0,1.0,1,0.00014630195969343948,0.04090909090909091,1
0,0.6538461538461539,0,0.6900000000000001,0.3,0,0,1.0,1,0.00012119250365992327,0.031818181818181815,1
0,0.8461538461538461,0,0.8710000000000001,0.7,0,0,0.75,1,0.00041196649036539287,0.7090909090909091,0
0,0.7692307692307693,0,0.375,0.8,0,0,0.0,1,0.00038734347213326397,0.02727272727272727,0
0,0.6538461538461539,1,0.3,0.3,0,0,0.25,0,0.00038282654969181036,0.09090909090909091,0
0,0.7307692307692307,0,0.507,0.7,0,1,1.0,1,0.00027817293127905553,0.6909090909090909,0
0,0.7692307692307693,0,0.47800000000000004,0.4,0,0,0.0,1,0.0004275788274194426,0.5818181818181819,0
0,0.6538461538461539,0,0.714,0.8,0,1,0.25,0,0.00044050417471344817,0.3181818181818182,0
0,0.7692307692307693,0,0.576,0.4,0,0,0.25,0,0.000451854390079152,0.33636363636363636,0
1,0.7307692307692307,1,0.716,0.8,0,0,0.25,1,0.00013578563770154248,0.03636363636363637,1
1,0.8076923076923077,2,0.986,0.6,0,0,1.0,0,0.0004046467596397553,0.5818181818181819,0
1,0.6538461538461539,0,0.701,0.7,0,2,0.0,1,8.94582280456085e-05,0.013636363636363636,1
1,0.6538461538461539,0,0.554,0.6,0,2,0.75,1,0.00018144129991746541,0.018181818181818184,1
0,0.8461538461538461,0,0.893,0.4,0,0,0.75,0,0.0003626972901963071,0.6363636363636364,0
0,0.7692307692307693,2,0.769,0.5,0,1,0.25,0,0.0002748605214886563,0.49090909090909096,0
1,0.8461538461538461,0,0.353,0.8,0,1,0.5,0,0.00039938859864380676,0.23636363636363636,0
0,0.8076923076923077,0,0.741,0.6,0,0,0.5,0,0.00030376882511395903,0.509090909090909,0
0,0.6538461538461539,0,0.45999999999999996,0.7,0,2,0.5,1,0.00034145617286906137,0.890909090909091,0
0,0.7692307692307693,0,0.3,0.7,0,0,1.0,1,0.0004589424837565099,0.23636363636363636,0
1,0.9230769230769231,1,0.518,0.6,0,1,0.25,1,3.7988475917865856e-05,0.045454545454545456,1
1,0.6538461538461539,0,1.0,0.7,0,1,0.75,1,0.00015783748469776706,0.02727272727272727,1
1,0.6538461538461539,0,0.893,0.6,0,2,1.0,1,0.0001784300182898297,0.013636363636363636,1
1,0.7692307692307693,1,0.969,0.5,0,1,0.75,1,0.00014238729357751305,0.02727272727272727,1
0,0.7692307692307693,1,0.638,0.6,0,1,0.75,0,0.00014176187354715796,0.018181818181818184,1
0,0.7307692307692307,0,0.44299999999999995,0.4,0,0,1.0,0,0.00040835295241223,0.3090909090909091,0
0,0.7307692307692307,0,0.73,0.3,0,0,0.0,1,0.00038952086038709287,0.18181818181818182,0
0,0.7307692307692307,1,0.764,0.7,0,1,0.25,1,0.00033128730644958385,0.7636363636363637,0
1,0.6538461538461539,0,0.576,0.8,1,0,0.25,0,0.0002950361083938155,0.5909090909090909,0
1,0.6538461538461539,1,0.701,0.6,0,1,0.5,0,7.590746072124782e-05,0.018181818181818184,1
1,0.7307692307692307,0,0.5860000000000001,0.4,0,0,0.75,1,0.000185240147509252,0.02727272727272727,1
0,0.7692307692307693,1,0.622,0.9,0,1,0.75,0,0.0004920897453653307,0.32727272727272727,0
0,0.7307692307692307,0,0.5309999999999999,0.8,0,1,0.75,0,0.0003466911701601819,0.9727272727272727,0
0,0.7307692307692307,0,0.923,0.3,0,0,0.0,0,0.0004265132969973561,0.6727272727272727,0
1,0.8461538461538461,1,0.8960000000000001,1.0,0,1,0.0,0,6.824027442319074e-05,0.031818181818181815,1
1,0.6538461538461539,0,0.709,0.5,0,1,0.75,0,9.87237099767953e-05,0.02727272727272727,1
0,0.8076923076923077,0,0.8099999999999999,1.0,0,0,1.0,0,0.00035864364185141285,0.9090909090909091,0
1,0.8076923076923077,1,0.9,0.6,0,0,0.75,1,8.204584250065906e-05,0.02727272727272727,1
0,0.6538461538461539,0,0.769,1.0,0,0,0.75,0,0.0004081676427736063,0.6181818181818182,0
0,0.7307692307692307,2,0.788,0.4,0,0,0.25,0,0.0003969564096368702,0.4272727272727273,0
1,0.8076923076923077,2,0.767,0.3,0,0,0.0,1,6.136065408928455e-05,0.013636363636363636,1
0,0.6538461538461539,0,0.5559999999999999,1.0,0,2,0.75,0,0.00035681370917000347,0.7545454545454546,0
1,0.7307692307692307,2,0.825,1.0,0,1,0.5,1,0.0001030784864844531,0.04090909090909091,1
0,0.8076923076923077,1,0.8130000000000001,0.5,0,0,1.0,1,0.0023163704827966988,0.022727272727272728,1
0,0.7307692307692307,0,0.47000000000000003,0.6,0,0,1.0,1,0.00016897922672001915,0.045454545454545456,1
0,0.7692307692307693,0,0.8210000000000001,0.3,4,0,1.0,0,0.00035069849109542017,0.7818181818181817,0
1,0.7692307692307693,1,0.8240000000000001,0.8,0,1,0.5,1,0.00011567954191086713,0.022727272727272728,1
1,0.7692307692307693,0,0.40199999999999997,0.4,0,0,1.0,1,0.0001876955002210165,0.045454545454545456,1
0,0.7307692307692307,0,0.44699999999999995,0.5,0,0,1.0,0,0.0002907739867054696,0.4454545454545455,0
1,0.7692307692307693,0,0.45599999999999996,0.5,0,0,0.5,1,0.00031085691879131693,0.14545454545454548,0
0,0.8461538461538461,2,0.557,0.4,0,0,0.5,0,0.0003555165416996373,0.15454545454545454,0
0,0.7692307692307693,2,0.765,1.0,0,0,0.0,0,0.0002686758122995891,0.4454545454545455,0
1,0.7692307692307693,2,0.621,0.3,0,0,0.25,0,7.178432126186969e-05,0.031818181818181815,1
0,0.8076923076923077,0,0.645,0.7,0,0,0.75,1,0.00018294694073128326,0.02727272727272727,1
0,0.7692307692307693,0,0.9970000000000001,1.0,0,0,0.75,0,0.0004562323302916378,0.9,0
1,0.7307692307692307,0,1.0,0.7,0,0,1.0,0,0.0004119896540702208,0.17272727272727273,0
0,0.7692307692307693,0,0.557,0.6,0,0,0.0,0,0.0004481713610115052,0.16363636363636364,0
1,0.7307692307692307,0,0.519,0.7,0,0,1.0,0,0.0003749045626406457,0.2545454545454545,0
0,0.8076923076923077,2,0.5309999999999999,0.9,0,0,1.0,0,0.00031002302541751015,0.890909090909091,0
0,0.8846153846153846,0,0.759,0.7,0,0,0.25,1,0.000370457131313676,0.13636363636363635,0
0,0.6538461538461539,2,0.651,0.6,0,0,0.0,1,8.862433467180169e-05,0.045454545454545456,1
0,0.7307692307692307,0,0.704,1.0,0,0,1.0,0,0.00047175201252637564,0.18181818181818182,0
1,0.6538461538461539,0,0.718,0.7,1,0,0.5,1,0.00040909419096672495,0.5181818181818182,0
0,0.6538461538461539,0,0.516,1.0,0,0,0.0,0,0.00024203755174742703,0.8636363636363636,0
0,0.6538461538461539,0,0.42800000000000005,0.8,0,2,0.25,0,0.00031331227150308146,0.7909090909090909,0
1,0.8076923076923077,1,0.47000000000000003,0.3,0,2,0.5,0,0.00012418062158273103,0.013636363636363636,1
0,0.6538461538461539,2,0.628,0.7,0,0,0.75,0,0.0002905655133620179,0.5454545454545454,0
0,0.8461538461538461,0,0.725,0.5,0,0,0.5,1,5.394826854433511e-05,0.022727272727272728,1
1,0.6538461538461539,0,0.576,0.3,0,0,0.75,1,0.0002683283567271696,0.9363636363636364,0
1,0.8076923076923077,2,0.621,0.8,0,0,0.75,1,0.00016355891979027488,0.018181818181818184,1
1,0.7307692307692307,2,0.758,0.3,0,0,1.0,1,0.0001956869783866651,0.022727272727272728,1
0,0.7692307692307693,2,0.787,1.0,0,0,1.0,1,0.0003932038894547396,0.35454545454545455,0
1,0.6923076923076923,0,0.8550000000000001,0.7,0,0,1.0,1,0.00042901497711877654,0.7272727272727273,0
0,0.6538461538461539,0,0.752,0.3,0,1,1.0,0,0.0002920943178806637,0.16363636363636364,0
0,0.7307692307692307,0,0.808,0.9,0,2,0.5,1,0.00036179390570801635,0.6818181818181818,0
0,0.7692307692307693,0,0.669,1.0,0,0,0.25,0,0.00031407667376240437,0.9363636363636364,0
1,0.7692307692307693,0,0.5309999999999999,0.5,0,0,0.0,0,0.0003073591993622939,0.16363636363636364,0
0,0.7307692307692307,0,0.776,0.4,0,0,0.25,0,0.0004739525644850325,0.7636363636363637,0
0,0.6538461538461539,0,0.593,0.6,0,0,0.25,0,0.00035579450615757293,0.9727272727272727,0
1,0.7692307692307693,2,0.625,0.7,0,0,0.0,0,0.00011014341645698301,0.02727272727272727,1
1,0.7307692307692307,2,1.0,0.8,0,0,1.0,1,0.00019374122718111587,0.02727272727272727,1
0,0.6538461538461539,0,0.5429999999999999,1.0,0,2,0.75,0,0.00046489555589729743,0.2545454545454545,0
0,0.8076923076923077,0,0.548,0.9,0,0,0.75,0,0.0001808853710015942,0.018181818181818184,1
0,0.7692307692307693,1,0.697,0.3,0,0,0.75,1,8.767462277385504e-05,0.013636363636363636,1
1,0.6538461538461539,0,0.622,0.6,0,0,1.0,1,0.0001209608666116436,0.04090909090909091,1
1,0.8461538461538461,2,0.449,0.6,0,0,0.75,1,0.0001229297815220208,0.031818181818181815,1
0,0.7307692307692307,0,0.633,0.7,0,0,0.75,1,0.0003282991885267761,0.03636363636363637,0
0,0.8846153846153846,1,0.9,0.8,0,0,0.5,1,0.00045588487471921827,0.02727272727272727,0
1,0.7307692307692307,1,0.533,0.5,0,0,0.0,1,0.00010597394958794896,0.013636363636363636,1
1,0.7307692307692307,0,0.915,0.5,4,0,0.75,0,0.0003593617167010798,0.7000000000000001,0
1,0.7692307692307693,2,0.43200000000000005,1.0,4,0,0.5,1,9.763501584988085e-05,0.04090909090909091,1
0,0.9230769230769231,1,0.754,1.0,0,0,1.0,0,0.00034474541895463263,0.6272727272727273,0
0,0.7692307692307693,2,0.475,1.0,0,0,0.25,0,0.00038803838327810294,0.045454545454545456,0
1,0.8461538461538461,2,0.8480000000000001,0.5,0,0,0.25,1,0.0001308517685731855,0.031818181818181815,1
0,0.7307692307692307,0,0.7809999999999999,0.4,0,0,0.75,0,0.00036932210977710564,0.3909090909090909,0
0,0.7692307692307693,0,0.975,0.9,0,0,0.25,0,0.00033749517934347897,0.7727272727272727,0
1,0.7692307692307693,2,0.532,0.9,0,0,0.0,1,7.692666373367836e-05,0.045454545454545456,1
0,0.6538461538461539,0,0.798,1.0,0,0,0.75,1,7.125155605082645e-05,0.022727272727272728,1
0,0.6538461538461539,1,0.833,0.9,0,0,1.0,1,0.0001691645363586429,0.04090909090909091,1
1,0.6923076923076923,2,0.8150000000000001,0.5,0,0,1.0,1,0.00012665913799932347,0.02727272727272727,1
0,0.8076923076923077,1,0.378,0.7,0,0,1.0,1,0.001737277862097524,0.045454545454545456,1
1,0.6923076923076923,0,0.606,1.0,4,1,1.0,1,9.504068090914855e-05,0.02727272727272727,1
0,0.8846153846153846,1,0.644,0.4,0,0,0.75,1,0.00015496518529909914,0.04090909090909091,1
0,0.8076923076923077,2,0.697,0.4,0,0,1.0,1,0.0004534990131219377,0.4090909090909091,0
0,0.6538461538461539,0,0.636,0.5,0,0,0.5,0,0.0004537538138750453,0.8545454545454546,0
0,0.7692307692307693,1,0.8,0.9,0,1,0.0,0,0.0003088880038809398,0.32727272727272727,0
0,0.8846153846153846,1,0.7929999999999999,0.9,0,1,0.5,0,0.0001183665316709113,0.013636363636363636,1
0,0.6538461538461539,0,0.611,1.0,0,0,1.0,0,0.00043339291733126233,0.13636363636363635,0
0,0.7692307692307693,0,0.49000000000000005,1.0,0,1,0.5,0,9.114917849805009e-05,0.013636363636363636,1
0,0.9230769230769231,1,0.653,0.7,0,0,0.75,0,0.0002829446544736167,0.9727272727272727,0
1,0.6538461538461539,1,0.784,0.3,0,0,0.75,0,0.0001608256026205748,0.013636363636363636,1
1,0.8846153846153846,2,0.659,0.3,0,0,1.0,0,0.0001352065450808433,0.02727272727272727,1
0,0.6538461538461539,0,0.79,0.6,0,2,1.0,0,0.00030782247345885325,0.7090909090909091,0
0,0.8461538461538461,1,0.78,0.6,0,0,0.25,1,0.00010085477082096826,0.02727272727272727,1
0,0.8076923076923077,0,0.718,0.4,0,0,1.0,1,0.0004690881864711594,0.4,0
0,0.8461538461538461,1,0.631,0.3,0,0,0.25,0,0.00025626006651179874,0.35454545454545455,0
0,0.8461538461538461,2,0.78,0.3,0,0,0.0,0,0.00027937744393010983,0.3090909090909091,0
0,0.6538461538461539,0,0.517,0.4,0,0,0.0,0,0.0004094879739488004,0.23636363636363636,0
0,0.8076923076923077,0,0.583,0.7,0,0,1.0,0,0.0004828242634341439,0.7909090909090909,0
0,0.6538461538461539,2,0.369,1.0,0,0,0.5,1,0.0002791921342914861,0.07272727272727274,0
0,0.8846153846153846,1,0.678,0.6,0,0,0.75,0,0.0003805796703234976,0.990909090909091,0
0,0.6538461538461539,0,0.7769999999999999,0.5,0,2,0.5,1,0.0003216280415363216,0.2727272727272727,0
1,0.6538461538461539,0,0.7190000000000001,0.6,4,1,0.0,0,5.096015062152737e-06,0.013636363636363636,1
0,0.6538461538461539,0,0.46799999999999997,0.9,0,0,0.75,0,0.0003576939299534662,0.9363636363636364,0
0,0.8076923076923077,0,0.898,0.8,0,0,0.5,0,0.0004288759948898088,0.35454545454545455,0
1,0.8076923076923077,2,0.726,0.7,0,0,0.0,1,8.315770033240148e-06,0.03636363636363637,1
1,0.7692307692307693,2,0.623,0.7,0,1,1.0,1,0.00012471338679377427,0.018181818181818184,1
1,0.7307692307692307,0,0.643,0.7,0,0,0.75,0,0.00042097717154347203,0.33636363636363636,0
0,0.6538461538461539,1,0.673,0.5,0,0,0.0,0,0.0004383267864596193,0.2545454545454545,0
0,0.8076923076923077,2,0.861,0.3,0,0,0.5,0,0.00040992808434053173,0.2545454545454545,0
0,0.7692307692307693,0,0.604,0.7,0,0,0.0,0,0.00036026510118937054,0.21818181818181817,0
0,0.7307692307692307,0,0.612,0.5,0,0,0.5,0,0.0004786779602699378,0.20909090909090908,0
1,0.6538461538461539,0,0.72,0.5,0,0,0.25,1,0.0001302958396573143,0.02727272727272727,1
0,0.6923076923076923,0,0.8880000000000001,1.0,3,0,1.0,0,0.0003215122230121818,0.6727272727272727,0
0,0.6538461538461539,2,0.629,0.6,0,0,0.0,0,0.0003716616439647303,0.02727272727272727,0
0,0.8846153846153846,0,0.621,0.9,0,0,1.0,0,0.0004573210244185522,0.6727272727272727,0
1,0.9230769230769231,0,0.506,0.6,0,0,0.0,1,6.884253074871789e-05,0.04090909090909091,1
0,0.7692307692307693,1,1.0,0.9,0,1,1.0,1,0.00011236713212046785,0.045454545454545456,1
1,0.6538461538461539,0,0.457,0.3,1,0,0.75,0,0.0004861135095197152,0.6272727272727273,0
1,0.8076923076923077,1,0.373,0.4,0,0,0.75,0,0.00012242018001580552,0.03636363636363637,1
0,0.9230769230769231,1,0.978,0.7,0,1,0.75,0,0.0004488431084515163,0.4818181818181818,0
0,0.7692307692307693,0,0.775,0.9,0,0,0.25,1,0.0003708740780005794,0.5363636363636364,0
0,0.6923076923076923,0,0.5650000000000001,0.7,0,0,0.25,1,4.528504293867546e-05,0.04090909090909091,1
0,0.6538461538461539,0,0.729,0.7,0,0,1.0,0,0.0005002665331696031,0.7272727272727273,0
0,0.7307692307692307,0,0.538,0.3,0,0,0.25,0,0.00037050345872333194,0.35454545454545455,0
0,0.8846153846153846,1,0.434,0.4,0,0,0.25,0,0.00039547393252788035,0.3909090909090909,0
0,0.9615384615384616,1,0.577,0.5,0,1,0.5,0,0.0004681153108683848,0.9,0
0,0.7307692307692307,0,0.3,0.5,0,0,0.25,0,0.0003537792638375398,0.08181818181818182,0
0,0.6538461538461539,0,0.868,0.9,0,1,0.25,1,0.00046072608902826334,0.7000000000000001,0
1,0.8846153846153846,1,0.363,0.8,0,1,0.5,1,5.561605529194873e-05,0.013636363636363636,1
0,0.6538461538461539,0,0.5650000000000001,0.4,0,0,1.0,0,0.0003342754243723916,0.2727272727272727,0
1,0.7692307692307693,1,0.6990000000000001,0.7,0,0,0.0,0,0.00023207715867140123,0.9727272727272727,0
0,0.7692307692307693,0,0.6809999999999999,0.9,0,0,0.75,0,0.0002733548806748384,0.8181818181818182,0
0,0.7307692307692307,0,0.653,0.7,0,0,0.5,0,0.0004858818724714355,0.8090909090909091,0
1,0.7307692307692307,0,0.7190000000000001,0.9,0,2,0.0,1,0.0003920457042133412,0.5363636363636364,0
1,0.6538461538461539,0,0.359,0.9,0,2,0.75,0,0.0003195664718066325,0.7727272727272727,0
1,0.8076923076923077,0,0.754,0.9,0,0,0.0,1,0.000246299673435773,0.5363636363636364,0
0,0.6538461538461539,1,0.6809999999999999,0.9,0,0,1.0,1,0.0001085451208238533,0.018181818181818184,1
0,0.7692307692307693,0,0.657,0.3,0,0,0.75,0,0.00038481862830701556,0.4818181818181818,0
0,0.7692307692307693,0,0.735,0.6,0,0,0.5,1,0.0001556369327391102,0.045454545454545456,1
0,0.7692307692307693,0,0.8560000000000001,0.7,0,2,0.75,0,9.64073394939986e-05,0.013636363636363636,1
0,0.6538461538461539,0,0.85,0.9,0,0,0.75,0,0.0004639226802945228,0.16363636363636364,0
0,0.8076923076923077,1,0.875,0.6,0,0,1.0,1,0.00012107668513578344,0.04090909090909091,1
1,0.8846153846153846,1,0.46399999999999997,0.3,0,1,0.75,1,0.00016640805548411483,0.03636363636363637,1
0,0.7692307692307693,0,0.5730000000000001,0.4,0,0,0.75,0,0.0004380256582968557,0.08181818181818182,0
0,0.8461538461538461,1,0.942,0.6,0,0,0.25,0,0.0002442612674109119,0.7636363636363637,0
1,0.8076923076923077,2,0.8160000000000001,1.0,0,0,0.0,1,8.716502126763977e-05,0.04090909090909091,1
0,0.6538461538461539,0,0.5,1.0,0,2,0.75,0,0.0003626277990818232,0.6727272727272727,0
1,0.8076923076923077,2,0.673,0.4,0,0,0.0,1,3.300827937985296e-05,0.013636363636363636,1
0,0.8076923076923077,0,0.3,0.8,0,0,0.75,0,0.0004432374918831483,0.7818181818181817,0
1,0.7692307692307693,1,0.731,0.9,0,0,0.0,1,7.062613602047135e-05,0.013636363636363636,1
0,0.7307692307692307,0,0.9359999999999999,0.8,0,0,0.75,0,0.000418197526964116,0.7000000000000001,0
0,0.6538461538461539,0,0.509,0.8,0,1,0.0,0,0.0004332307713974665,0.45454545454545453,0
1,0.8461538461538461,1,0.548,0.8,0,1,0.0,1,9.054692217252295e-05,0.018181818181818184,1
0,0.6538461538461539,0,0.756,0.7,0,1,1.0,0,0.0003315421072026915,0.13636363636363635,0
0,0.8461538461538461,0,0.705,0.3,0,2,0.25,1,0.0003747424167068499,0.8818181818181817,0
1,0.8846153846153846,2,0.6900000000000001,1.0,0,0,0.75,1,8.058652909649714e-05,0.04090909090909091,1
0,0.6538461538461539,1,0.665,0.9,0,0,0.75,0,0.0003383985638317697,0.18181818181818182,0
0,0.8076923076923077,0,0.612,0.3,0,0,0.25,0,0.05845245094813329,0.45454545454545453,0
0,0.7692307692307693,2,0.40599999999999997,0.7,4,0,1.0,0,0.0005030925051586149,0.14545454545454548,0
1,0.6538461538461539,2,0.549,0.9,0,0,0.25,1,6.918998632113739e-05,0.022727272727272728,1
0,0.6538461538461539,0,0.767,0.8,0,1,0.75,0,0.0004359409248623387,0.03636363636363637,0
0,0.7307692307692307,0,0.619,0.3,0,1,0.5,0,0.00047198364957465533,0.17272727272727273,0
1,0.6538461538461539,0,0.925,0.8,0,1,0.25,1,0.00013221842715803556,0.02727272727272727,1
1,0.7692307692307693,0,0.506,0.3,0,0,1.0,0,0.00033619801187311285,0.24545454545454548,0
1,0.6923076923076923,2,0.544,0.5,0,0,1.0,0,0.0001924672234155777,0.03636363636363637,1
0,0.8461538461538461,1,0.704,0.7,0,0,0.75,0,0.00042739351778081885,0.5,0
1,0.7692307692307693,1,0.572,0.6,0,1,0.0,0,6.738321734455597e-05,0.013636363636363636,1
0,0.6538461538461539,0,0.506,0.9,0,0,0.75,1,0.00034903070434780654,0.3,0
1,0.7307692307692307,1,0.488,1.0,0,1,0.0,1,2.4553527117645005e-06,0.03636363636363637,1
1,0.8076923076923077,1,0.713,0.4,0,0,1.0,1,0.0001836881792857782,0.022727272727272728,1
1,0.6923076923076923,0,0.634,0.4,2,0,0.75,0,0.0002936462861041375,0.8090909090909091,0
1,0.6923076923076923,0,0.6940000000000001,0.4,2,0,0.0,0,0.00033596637482483316,0.045454545454545456,0
0,0.8076923076923077,2,0.587,1.0,0,0,0.0,1,1.521855407197431e-05,0.013636363636363636,1
0,0.8846153846153846,1,0.7849999999999999,0.7,0,1,0.75,0,0.0004531747212543461,0.4818181818181818,0
0,0.9230769230769231,1,0.728,1.0,0,0,0.75,0,0.00044136123179208296,0.35454545454545455,0
1,0.7307692307692307,2,0.644,0.9,0,0,0.5,0,9.985873151336567e-05,0.02727272727272727,1
0,0.6538461538461539,2,0.48,0.5,0,1,1.0,1,9.680112247607404e-05,0.02727272727272727,1
0,0.8076923076923077,0,0.7929999999999999,0.6,0,0,1.0,0,0.0003561419617299924,0.6818181818181818,0
0,0.6923076923076923,2,0.3,1.0,0,0,0.25,1,7.166850273772986e-05,0.013636363636363636,1
0,0.7307692307692307,1,0.43899999999999995,1.0,0,1,1.0,1,0.00011364113588600604,0.02727272727272727,1
0,0.7692307692307693,2,0.623,0.9,0,0,1.0,1,0.0004726090696050104,0.5181818181818182,0
0,0.6538461538461539,0,0.769,0.4,0,2,0.0,0,0.000370480295018504,0.890909090909091,0
0,0.7307692307692307,0,0.54,0.8,0,1,0.0,1,2.9417905131518073e-05,0.045454545454545456,1
1,0.7307692307692307,0,0.73,0.7,0,0,1.0,1,0.00014604715894033185,0.04090909090909091,1
0,0.9230769230769231,1,0.795,0.4,0,0,1.0,1,0.0003489148858236667,0.33636363636363636,0
1,0.8461538461538461,1,0.806,0.4,0,1,0.0,1,4.83426519759671e-05,0.031818181818181815,1
0,0.6538461538461539,1,0.5860000000000001,0.5,0,1,0.75,0,0.00043923017094791,0.9818181818181819,0
1,0.8076923076923077,1,0.8539999999999999,0.4,0,0,0.75,1,0.00010022935079061316,0.022727272727272728,1
1,0.8076923076923077,0,0.654,0.9,0,0,0.75,1,9.721806916297745e-05,0.03636363636363637,1
0,0.6538461538461539,0,0.687,0.8,0,2,0.75,0,0.0003012903086973666,0.12727272727272726,0
0,0.8461538461538461,0,0.353,0.8,0,0,0.0,0,0.0003243613587060217,0.8454545454545456,0
0,0.7692307692307693,2,0.6980000000000001,0.6,0,0,0.0,0,0.0003560724706155085,1.0,0
0,0.6538461538461539,0,0.54,0.8,0,0,0.0,0,0.0003180376672879867,0.9727272727272727,0
1,0.6538461538461539,0,0.523,0.6,0,0,0.25,1,0.00035674421805551953,0.08181818181818182,0
0,0.7692307692307693,0,0.53,0.7,4,0,0.5,0,0.00030089652571529117,0.13636363636363635,0
0,0.7307692307692307,0,0.32999999999999996,0.8,0,0,0.25,0,0.0004620232564986295,0.7818181818181817,0
1,0.7692307692307693,0,0.621,0.6,0,0,0.25,0,0.0003500730710650651,0.6727272727272727,0
0,0.6538461538461539,0,0.79,0.9,0,1,1.0,0,0.00032320317346462335,0.33636363636363636,0
0,0.8076923076923077,0,0.404,0.8,0,0,1.0,1,0.00014704319824793442,0.045454545454545456,1
0,0.9230769230769231,2,0.5730000000000001,0.5,0,0,1.0,1,1.0,0.03636363636363637,1
1,0.8846153846153846,1,0.762,1.0,4,0,0.75,0,8.957404656974834e-05,0.018181818181818184,1
0,0.8076923076923077,1,0.3,0.6,0,0,1.0,1,0.00019719261920048297,0.022727272727272728,1
1,0.6538461538461539,0,0.429,1.0,0,2,0.75,1,0.00011220498618667208,0.04090909090909091,1
0,0.7307692307692307,0,0.818,1.0,0,0,0.75,0,0.0003674226859812123,0.05454545454545454,0
0,0.7307692307692307,0,0.702,1.0,0,0,0.25,0,0.0004519933723081198,0.8,0
1,0.8076923076923077,2,0.633,0.9,0,0,0.5,1,5.964653993201499e-05,0.018181818181818184,1
1,0.8076923076923077,1,0.603,0.8,0,0,1.0,0,0.00019957848079776356,0.02727272727272727,1
1,0.6538461538461539,0,0.71,0.4,0,1,0.75,0,0.00032572801729087176,0.32727272727272727,0
0,0.8076923076923077,0,0.75,1.0,0,0,0.25,1,0.0001139422640487696,0.03636363636363637,1
1,0.7692307692307693,2,0.584,0.9,0,0,1.0,1,0.00013476643468911194,0.02727272727272727,1
1,0.8076923076923077,1,0.544,0.3,0,1,1.0,1,0.00014519010186169707,0.02727272727272727,1
0,0.8846153846153846,2,0.43600000000000005,1.0,0,0,0.75,0,0.00029793157149731137,0.6272727272727273,0
0,0.8076923076923077,1,0.639,0.6,0,1,0.25,0,0.00026406623503882367,0.4,0
0,0.6538461538461539,0,0.882,0.6,0,1,0.25,0,0.00031528118641345866,0.6636363636363636,0
1,0.7307692307692307,1,0.8220000000000001,0.8,0,0,0.0,0,2.9255759197722304e-05,0.045454545454545456,1
0,0.8461538461538461,2,0.538,0.9,0,0,1.0,0,0.00040045412906589324,0.9,0
0,0.9230769230769231,1,0.43899999999999995,1.0,0,1,1.0,1,0.00016182164192817737,0.031818181818181815,1
0,0.7307692307692307,0,0.653,0.5,0,0,0.75,0,0.0003289246085571312,0.5363636363636364,0
0,0.6538461538461539,0,0.688,0.4,0,0,0.5,0,0.00039091068267677086,0.5,0
0,0.8076923076923077,0,0.975,0.8,0,0,0.25,0,0.00044921372772876376,0.23636363636363636,0
1,0.8846153846153846,1,0.779,0.4,0,1,0.25,1,0.0001112089468790695,0.018181818181818184,1
0,0.8461538461538461,0,0.625,0.9,0,0,0.75,0,0.00031217724996651105,0.07272727272727274,0
1,0.6538461538461539,0,0.383,0.9,0,2,0.0,0,0.0003370782326565756,0.7272727272727273,0
0,0.8076923076923077,2,0.624,0.7,0,0,0.5,0,0.0003938756368947506,0.7090909090909091,0
0,0.8076923076923077,0,0.86,0.5,0,0,0.5,1,0.00031718061020935193,0.7818181818181817,0
1,0.6538461538461539,2,0.532,0.4,0,0,0.0,1,8.577519897796175e-05,0.031818181818181815,1
0,0.8846153846153846,0,0.5820000000000001,0.3,0,0,1.0,1,0.0002847282597453702,0.11818181818181818,0
0,0.6538461538461539,0,0.7110000000000001,0.6,0,1,0.25,0,0.00024495617855575086,0.4,0
0,0.8846153846153846,1,0.798,0.5,0,1,0.25,1,3.0993037059819826e-05,0.04090909090909091,1
1,0.7692307692307693,2,0.755,0.7,4,0,0.75,1,0.00010516321991897012,0.018181818181818184,1
0,0.6538461538461539,0,1.0,0.8,0,0,0.75,0,0.0003610526671535214,0.6181818181818182,0
0,0.6538461538461539,1,0.375,0.4,0,0,0.0,0,0.0003834519697221655,0.4,0
0,0.8461538461538461,0,0.621,0.3,0,0,0.25,0,0.0002469019297613001,0.13636363636363635,0
0,0.8076923076923077,1,0.65,0.9,0,1,0.5,0,0.00010154968196580727,0.031818181818181815,1
0,0.8076923076923077,0,0.5309999999999999,0.7,0,0,1.0,0,0.00030184623761323777,0.22727272727272727,0
0,0.7692307692307693,0,0.8160000000000001,0.7,0,0,1.0,0,0.0005004981702178827,0.3,0
0,0.7692307692307693,1,0.442,1.0,0,0,0.0,1,1.9943949856879574e-05,0.045454545454545456,1
1,0.7307692307692307,2,0.73,0.4,0,1,0.75,1,9.821410847058002e-05,0.013636363636363636,1
1,0.8461538461538461,1,0.942,0.3,0,0,0.75,1,0.00014674207008517085,0.02727272727272727,1
1,0.8076923076923077,0,0.76,0.3,0,0,0.75,0,0.00029142257044065267,0.34545454545454546,0
0,0.6538461538461539,0,0.762,1.0,0,0,0.5,0,0.0002760418704348826,0.8636363636363636,0
1,0.6538461538461539,0,0.567,0.3,0,2,0.5,0,0.0001399782682754045,0.045454545454545456,1
0,0.6538461538461539,0,0.72,0.8,0,2,0.75,0,0.0002758565607962588,0.35454545454545455,0
0,0.8076923076923077,0,0.517,0.8,0,0,0.25,0,0.0004550278176405835,0.8545454545454546,0
1,0.7692307692307693,2,0.5559999999999999,0.5,0,0,0.0,1,7.361425394327909e-05,0.02727272727272727,1
0,0.8076923076923077,0,0.833,0.6,0,0,0.75,0,0.00037946781249175517,0.6818181818181818,0
1,0.7692307692307693,0,0.708,0.3,0,0,0.0,0,0.0003343912428965314,0.3181818181818182,0
1,0.6538461538461539,2,0.721,1.0,4,0,0.0,0,8.927291840698476e-05,0.031818181818181815,1
0,0.7692307692307693,2,0.659,0.9,0,0,1.0,1,0.00040168180542177553,0.8727272727272727,0
0,0.7692307692307693,0,0.544,0.9,0,1,0.75,0,0.000391512939002298,0.5727272727272728,0
0,0.8461538461538461,1,0.545,0.5,0,0,0.25,1,3.63438528750802e-05,0.03636363636363637,1
0,0.7307692307692307,0,0.7110000000000001,0.3,0,1,1.0,0,0.00015542845939565847,0.022727272727272728,1
0,0.7307692307692307,0,0.746,1.0,0,0,0.75,0,0.0003459499316056869,0.5181818181818182,0
0,0.7307692307692307,0,0.9099999999999999,0.5,0,0,0.5,0,0.000308007783097477,0.6727272727272727,0
0,0.9230769230769231,1,0.679,0.7,0,0,0.25,1,0.0004298720341974113,0.06363636363636363,0
0,0.8846153846153846,2,0.825,0.5,0,2,0.5,0,0.0003657548992335987,0.5909090909090909,0
1,0.7307692307692307,1,0.983,0.9,0,0,0.0,1,5.8279881347164936e-05,0.018181818181818184,1
0,0.7692307692307693,0,0.869,0.4,0,0,0.75,1,0.00037288932032061254,0.8,0
0,0.6538461538461539,0,0.595,0.9,0,2,1.0,0,0.00044103693992449144,0.7636363636363637,0
0,1.0,1,0.45499999999999996,0.8,0,0,0.5,0,0.0001373839333346722,0.04090909090909091,1
0,0.8846153846153846,0,0.6950000000000001,0.8,0,0,0.75,1,0.00047707966463680804,0.2636363636363636,0
0,0.8076923076923077,1,0.649,1.0,0,1,0.75,0,0.00016626907325514701,0.04090909090909091,1
0,0.6538461538461539,1,0.669,0.7,0,0,0.75,0,0.00034632055088293443,0.49090909090909096,0
1,0.6923076923076923,0,0.533,0.8,1,0,1.0,0,0.0003869496891511885,0.3181818181818182,0
1,0.7692307692307693,2,0.3,0.3,0,0,0.25,0,0.00011588801525431883,0.02727272727272727,1
0,0.8076923076923077,0,0.6769999999999999,0.8,0,0,1.0,0,0.00042303874127316106,0.5272727272727272,0
0,0.7692307692307693,2,0.764,0.8,0,0,0.0,0,0.00027921529799631407,0.8545454545454546,0
1,0.8461538461538461,0,0.532,1.0,0,0,0.5,0,0.00036971589275918104,0.3909090909090909,0
0,0.6538461538461539,0,0.827,0.6,0,0,0.75,1,0.00044409454896178306,0.8636363636363636,0
0,0.7307692307692307,0,0.633,0.3,0,0,0.0,0,0.00036221085239491975,0.5727272727272728,0
1,0.7692307692307693,1,0.597,0.4,0,1,1.0,0,0.0001907762729631361,0.013636363636363636,1
1,0.6538461538461539,0,0.9,0.6,1,0,0.75,1,0.00028340792857017605,0.8454545454545456,0
0,0.6538461538461539,0,0.9369999999999999,1.0,0,0,0.25,1,6.935213225493316e-05,0.013636363636363636,1
1,0.6538461538461539,0,0.592,0.8,4,1,0.75,1,0.00016154367747024177,0.045454545454545456,1
0,0.8461538461538461,1,0.487,0.3,0,1,1.0,0,0.00019735476513427872,0.031818181818181815,1
0,0.7307692307692307,0,0.9289999999999999,0.6,0,0,1.0,0,0.0003044405725539701,0.09090909090909091,0
0,0.8846153846153846,1,1.0,0.5,0,1,0.5,1,9.334973045670695e-05,0.013636363636363636,1
0,0.6538461538461539,0,0.734,0.7,0,0,1.0,0,0.0004143755156675014,0.6272727272727273,0
1,0.7692307692307693,0,0.853,0.9,0,0,0.5,1,0.00013068962263938975,0.045454545454545456,1
0,0.6538461538461539,0,0.9179999999999999,0.5,0,0,1.0,0,0.00039408411023820236,0.5272727272727272,0
1,0.7307692307692307,2,0.9359999999999999,0.9,0,0,0.0,1,7.2270759063257e-06,0.018181818181818184,1
0,0.7307692307692307,0,0.6599999999999999,0.6,0,0,0.75,1,0.0004046467596397553,0.6818181818181818,0
1,0.6538461538461539,0,0.618,0.7,0,2,0.0,0,2.6198150160430662e-05,0.045454545454545456,1
1,0.7307692307692307,0,0.835,1.0,0,2,0.75,0,0.0004615599824020702,0.6090909090909091,0
0,0.7692307692307693,2,0.773,0.4,4,0,0.0,0,0.0003387460194041892,0.18181818181818182,0
0,0.6538461538461539,0,0.725,0.6,0,0,0.25,0,0.00037189328101300994,0.5818181818181819,0
1,0.8076923076923077,0,0.834,0.3,0,2,0.5,0,0.0003148410760217273,0.43636363636363634,0
0,0.7692307692307693,2,0.359,0.4,0,0,0.0,0,0.00041826701807859987,1.0,0
0,0.9230769230769231,1,0.906,0.8,0,1,0.0,1,0.0003233653193984191,0.33636363636363636,0
0,0.8846153846153846,1,0.5660000000000001,0.7,4,0,0.5,1,8.521927006209054e-05,0.04090909090909091,1
0,0.8461538461538461,0,0.636,0.8,0,1,0.75,1,0.0002675639544678467,0.12727272727272726,0
0,0.8461538461538461,1,0.5599999999999999,0.4,0,0,0.25,1,0.00046535882999385676,0.5272727272727272,0
0,0.8076923076923077,0,0.828,0.9,0,0,0.0,0,0.000374696089297194,0.4818181818181818,0
0,0.7307692307692307,0,0.63,0.6,0,0,0.5,1,6.316742306586598e-05,0.031818181818181815,1
0,0.8076923076923077,2,0.733,0.5,4,0,1.0,0,0.0004735356177981291,0.890909090909091,0
0,0.7692307692307693,2,0.5589999999999999,0.9,0,0,0.25,1,0.0003104168083995856,0.06363636363636363,0
0,0.6538461538461539,0,0.73,0.6,0,0,0.5,0,0.0004621159113179414,0.43636363636363634,0
0,0.8461538461538461,0,0.3,0.8,0,0,0.5,0,0.0003736073951702795,0.3909090909090909,0
1,0.6538461538461539,1,0.784,0.7,0,0,0.5,1,0.00012202639703373008,0.02727272727272727,1
1,0.8461538461538461,2,0.825,1.0,0,0,0.75,1,9.418362383051377e-05,0.018181818181818184,1
0,0.7692307692307693,1,0.845,0.6,0,0,1.0,0,0.0003969100822272143,0.8090909090909091,0
0,0.9615384615384616,2,0.3,0.5,0,0,0.25,0,0.00033649914003587643,0.8181818181818182,0
0,0.7692307692307693,2,0.7190000000000001,0.5,0,0,0.25,0,0.00012499135125170987,0.022727272727272728,1
0,0.6538461538461539,2,0.726,1.0,0,0,1.0,0,0.0004938038595226002,0.17272727272727273,0
0,0.7307692307692307,0,0.38,0.5,0,0,0.0,1,0.0004261195140152807,0.6090909090909091,0
0,0.7692307692307693,0,0.8939999999999999,0.7,0,0,0.25,0,0.0003464826968167302,0.4,0
1,0.7307692307692307,0,0.351,0.5,0,0,0.5,1,9.219154521530861e-05,0.013636363636363636,1
1,0.8461538461538461,0,0.526,0.4,0,0,1.0,1,0.0003885711484891462,0.14545454545454548,0
0,0.8076923076923077,1,0.8140000000000001,0.9,0,1,0.25,0,3.947095302685574e-05,0.04090909090909091,1
1,0.6538461538461539,0,0.764,0.4,0,2,1.0,0,0.00046306562321588805,0.6636363636363636,0
0,0.7692307692307693,1,0.3,0.4,0,1,0.25,1,0.00013333028498977798,0.022727272727272728,1
0,0.7307692307692307,0,0.8539999999999999,0.5,0,0,1.0,0,0.0004207223707903644,0.6272727272727273,0
0,0.9230769230769231,2,0.641,0.4,0,0,0.0,0,0.00036929894607227765,0.890909090909091,0
0,0.7692307692307693,2,0.5690000000000001,0.5,0,1,0.5,0,0.0004737672548464088,0.6727272727272727,0
0,0.7307692307692307,0,0.6769999999999999,0.4,2,0,0.5,1,0.00027240516877689175,0.15454545454545454,0
0,0.7307692307692307,0,0.479,0.3,0,0,0.5,0,0.00034967928808298963,0.15454545454545454,0
0,0.7307692307692307,0,0.8789999999999999,1.0,0,0,0.5,0,0.00032084047557217075,0.20909090909090908,0
1,0.7307692307692307,1,0.74,1.0,0,0,0.25,1,7.018602562873997e-05,0.018181818181818184,1
0,0.7692307692307693,1,0.857,0.6,0,0,1.0,1,0.00011954788061713761,0.02727272727272727,1
1,0.6538461538461539,0,0.757,1.0,0,1,1.0,1,0.00011954788061713761,0.02727272727272727,1
0,0.6538461538461539,0,0.621,0.3,0,0,1.0,0,0.0001453059203858369,0.018181818181818184,1
0,0.7692307692307693,0,0.6980000000000001,0.8,0,1,0.75,0,0.00033022177602749737,0.18181818181818182,0
0,0.9230769230769231,1,0.584,0.9,0,0,0.25,0,0.000352227295614066,0.6181818181818182,0
0,0.8846153846153846,2,0.722,1.0,0,0,0.0,1,0.00042950141492016387,0.7909090909090909,0
0,0.8461538461538461,0,0.499,0.8,0,0,0.0,0,0.0004187302921751592,0.3909090909090909,0
1,0.6538461538461539,0,0.908,0.7,0,2,1.0,1,0.00015630868017912122,0.022727272727272728,1
0,0.8846153846153846,1,0.643,1.0,0,1,0.75,1,0.0004816660781927455,0.4272727272727273,0
0,0.8461538461538461,0,0.465,0.4,0,0,0.5,0,0.0003285076618702278,0.2545454545454545,0
1,0.7307692307692307,1,0.364,0.6,0,1,0.75,1,8.545090711037021e-05,0.02727272727272727,1
0,0.8076923076923077,1,0.588,0.3,0,0,1.0,1,0.0001369438229429408,0.045454545454545456,1
1,0.7307692307692307,0,0.528,0.6,0,1,0.75,0,0.00031942748957766476,0.16363636363636364,0
0,0.7692307692307693,0,0.592,0.6,0,2,0.0,0,0.0003905168996946954,0.05454545454545454,0
0,0.7692307692307693,0,0.737,0.8,0,0,0.0,0,0.00024039292870464137,0.7272727272727273,0
0,0.8076923076923077,2,0.558,1.0,0,0,0.5,0,0.00025551882795730383,0.9454545454545454,0
1,0.8461538461538461,2,0.507,0.9,0,0,0.5,0,5.665842200920725e-05,0.045454545454545456,1
0,0.8461538461538461,1,0.669,0.9,0,0,0.75,1,0.00013803251706985526,0.022727272727272728,1
1,0.7307692307692307,1,0.45099999999999996,0.6,0,0,1.0,1,0.000207685777487552,0.022727272727272728,1
0,0.6538461538461539,0,0.679,0.6,0,1,1.0,1,0.00011299255215082295,0.02727272727272727,1
1,0.7692307692307693,1,0.6940000000000001,0.5,0,1,0.75,1,0.0001214473044130309,0.03636363636363637,1
0,0.6538461538461539,1,0.743,0.3,0,0,0.75,0,0.00041595064759580315,0.6909090909090909,0
0,0.8461538461538461,1,0.745,0.6,0,0,0.5,1,8.047071057235731e-05,0.04090909090909091,1
0,0.7692307692307693,0,1.0,0.4,0,0,0.75,0,0.0004937112047032884,0.12727272727272726,0
0,0.8846153846153846,2,0.612,0.4,0,0,1.0,0,0.0004657062855662763,0.5818181818181819,0
0,0.7307692307692307,0,0.708,0.9,0,0,0.75,0,0.0004345279388678327,0.990909090909091,0
1,0.8076923076923077,1,0.5860000000000001,0.9,0,1,0.25,1,0.0001264275009510438,0.03636363636363637,1
1,0.7692307692307693,2,0.42300000000000004,0.8,0,0,0.75,1,0.00017358880398078458,0.02727272727272727,1
0,0.6538461538461539,0,0.747,0.9,0,2,1.0,1,0.0002929977023689544,0.5,0
0,0.8076923076923077,0,0.422,0.5,0,0,0.75,1,0.00035093012814369986,0.02727272727272727,0
1,0.6923076923076923,2,0.727,0.6,0,0,1.0,1,0.00019742425624876263,0.013636363636363636,1
0,0.7307692307692307,0,0.47400000000000003,0.4,0,0,1.0,0,0.00039753550225756943,0.7727272727272727,0
0,0.8076923076923077,2,0.488,0.7,0,0,0.25,0,0.00046515035665040507,0.5454545454545454,0
0,0.8846153846153846,2,0.795,0.5,0,0,0.0,0,0.0002856548079384889,0.35454545454545455,0
0,0.7692307692307693,1,0.364,0.3,0,0,0.5,0,5.0079929838064624e-05,0.018181818181818184,1
0,0.7307692307692307,0,0.766,0.5,0,0,1.0,1,0.0004452064067935255,0.7272727272727273,0
1,0.7692307692307693,2,0.34199999999999997,1.0,1,0,0.5,1,0.00012943878257867952,0.018181818181818184,1
1,0.6538461538461539,0,0.9400000000000001,0.8,0,2,0.75,1,9.1913580757373e-05,0.03636363636363637,1
0,0.7692307692307693,2,0.817,0.4,0,0,1.0,1,0.0003896830063208886,0.4818181818181818,0
1,0.7692307692307693,0,0.791,1.0,0,0,0.0,0,0.00043784034865823195,0.7272727272727273,0
1,0.7692307692307693,1,0.689,0.3,0,0,0.25,1,3.2267040825358015e-05,0.04090909090909091,1
0,0.6923076923076923,0,0.512,0.7,0,1,0.75,1,0.00038852482107949027,0.33636363636363636,0
0,0.6538461538461539,2,0.648,0.5,0,0,0.25,0,0.0003325149828054661,0.9818181818181819,0
0,0.7692307692307693,2,1.0,0.3,0,0,0.5,0,0.0003471312805519133,0.5727272727272728,0
0,0.7692307692307693,2,0.541,0.6,0,0,0.25,0,0.0002670543529616314,0.5454545454545454,0
0,0.7692307692307693,0,0.8140000000000001,0.7,0,0,0.5,1,0.00041671504985512606,0.2545454545454545,0
1,0.8461538461538461,0,0.548,0.9,0,0,1.0,0,0.000480623711475487,0.6090909090909091,0
0,0.8076923076923077,1,0.626,1.0,0,1,0.5,1,0.0001394918304740172,0.02727272727272727,1
0,0.6538461538461539,0,0.536,0.7,0,0,0.75,1,0.00043612623450096244,0.35454545454545455,0
0,0.6538461538461539,0,0.667,0.3,0,0,0.5,1,0.00036508315179358767,0.13636363636363635,0
0,0.6538461538461539,1,0.568,0.8,0,0,0.25,1,3.849807742408113e-05,0.045454545454545456,1
0,0.8076923076923077,1,0.608,1.0,0,0,0.75,0,0.00029758411592489185,0.5454545454545454,0
1,0.7307692307692307,1,0.45999999999999996,0.6,4,1,0.5,1,0.00016036232852401544,0.02727272727272727,1
0,0.7692307692307693,0,0.994,0.3,0,0,1.0,1,0.0003465521879312141,0.7727272727272727,0
0,0.7692307692307693,0,0.9359999999999999,0.7,0,0,0.5,1,0.00013377039538150934,0.031818181818181815,1
0,0.9615384615384616,1,0.7969999999999999,0.6,0,0,1.0,0,0.0002888513992047483,0.23636363636363636,0
0,0.7307692307692307,0,0.611,0.8,0,0,0.5,0,0.0002646221639546949,0.14545454545454548,0
1,0.7692307692307693,2,0.819,0.4,0,0,0.25,1,8.49644693089829e-05,0.018181818181818184,1
0,0.7307692307692307,1,0.752,0.7,0,0,1.0,0,0.0004450442608597297,0.6636363636363636,0
0,0.7692307692307693,0,0.67,0.5,0,2,0.5,0,0.00026932439603477213,0.7636363636363637,0
1,0.6538461538461539,2,0.655,0.3,0,0,0.75,1,0.00010335645094238869,0.031818181818181815,1
0,0.6923076923076923,0,0.8869999999999999,0.9,0,0,1.0,1,0.0001752565907283982,0.018181818181818184,1
0,0.8076923076923077,0,0.493,0.5,0,0,1.0,1,0.0003014987820408183,0.9636363636363636,0
0,0.7692307692307693,0,0.745,0.3,0,0,0.0,1,0.00039000729818848014,0.02727272727272727,0
1,0.8461538461538461,2,0.758,0.7,0,0,0.25,0,8.199951509100313e-05,0.03636363636363637,1
0,0.6538461538461539,2,0.385,1.0,0,0,1.0,1,0.0001829932681409392,0.022727272727272728,1
0,0.7692307692307693,0,0.5780000000000001,0.3,0,0,1.0,0,0.00036971589275918104,0.32727272727272727,0
0,0.7307692307692307,2,0.462,0.8,0,0,0.5,0,0.0004784463232216581,0.22727272727272727,0
0,0.8076923076923077,0,0.3,0.6,0,0,0.5,0,0.00048233782563275655,0.5909090909090909,0
1,0.8076923076923077,1,0.53,0.7,0,0,0.5,1,7.551367773917238e-05,0.018181818181818184,1
0,0.6538461538461539,0,0.6,0.9,0,0,0.75,0,0.0002797480632073573,1.0,0
0,0.8461538461538461,0,0.596,0.6,0,0,0.75,0,0.00027527746817555967,0.08181818181818182,0
0,0.7307692307692307,0,0.786,0.5,0,1,1.0,1,0.00013826415411813495,0.03636363636363637,1
1,0.8076923076923077,1,0.5589999999999999,0.3,0,0,0.75,1,0.00012195690591924618,0.03636363636363637,1
0,0.7307692307692307,0,0.553,0.6,0,0,1.0,0,0.00035134707483060326,0.5727272727272728,0
1,0.8846153846153846,1,0.638,0.4,0,0,0.5,1,6.298211342724224e-05,0.03636363636363637,1
0,0.6538461538461539,1,0.495,0.5,0,1,0.75,1,0.0004017512965362594,0.5909090909090909,0
1,0.7692307692307693,0,0.589,0.6,0,2,0.25,0,0.0002546154434690131,0.32727272727272727,0
0,0.6538461538461539,0,0.7030000000000001,1.0,0,2,0.5,0,0.000463760534360727,0.15454545454545454,0
0,0.8076923076923077,0,0.9289999999999999,0.3,0,0,0.5,0,0.00048289375454862776,0.22727272727272727,0
0,0.7692307692307693,0,0.874,0.4,0,0,0.0,0,0.00028553898941434906,0.9545454545454546,0
0,0.8461538461538461,0,0.44299999999999995,1.0,0,0,0.5,0,0.00044080530287621175,0.43636363636363634,0
1,0.8846153846153846,2,0.63,1.0,0,0,0.25,0,0.00038924289592915724,0.5,0
0,0.6538461538461539,0,0.41900000000000004,0.6,0,1,0.5,0,0.00038785307363947924,0.509090909090909,0
1,0.8846153846153846,2,0.479,0.7,0,0,0.0,1,7.113573752668662e-05,0.045454545454545456,1
0,0.7307692307692307,0,0.608,1.0,0,0,1.0,0,0.0004617684557455219,0.11818181818181818,0
0,0.6538461538461539,0,0.45999999999999996,0.3,0,2,0.0,0,0.00026042953338083284,0.509090909090909,0
1,0.6923076923076923,0,0.47000000000000003,0.9,0,0,0.25,1,5.9924504389950594e-05,0.031818181818181815,1
0,0.6538461538461539,0,0.709,0.6,0,2,0.75,0,0.00032433819500119376,0.890909090909091,0
1,0.8461538461538461,1,0.5349999999999999,0.7,0,0,0.5,0,8.7002875333844e-05,0.022727272727272728,1
1,0.6923076923076923,0,0.40800000000000003,0.8,0,1,1.0,1,0.00010525587473828198,0.031818181818181815,1
1,0.7307692307692307,1,0.45099999999999996,0.4,0,0,1.0,1,0.00017942605759743228,0.031818181818181815,1
0,0.7692307692307693,1,1.0,0.6,0,0,1.0,1,0.0003413635180497495,0.6,0
0,0.6538461538461539,0,0.756,0.8,0,0,0.25,0,0.0003846333186683918,0.8181818181818182,0
0,0.7692307692307693,0,0.6769999999999999,0.7,0,0,0.5,0,0.00044942220107221546,0.8090909090909091,0
0,0.7692307692307693,0,0.63,0.3,0,0,0.5,0,0.00030643265116917526,0.5454545454545454,0
1,0.7307692307692307,0,0.509,1.0,0,0,0.0,1,8.816106057524234e-05,0.013636363636363636,1
0,0.6923076923076923,0,0.597,1.0,2,2,1.0,0,0.0004836349931031227,0.9636363636363636,0
0,0.6538461538461539,0,0.663,0.4,0,0,0.5,1,7.129788346048239e-05,0.045454545454545456,1
0,0.8461538461538461,1,0.3,0.3,0,1,1.0,0,0.00047351245409330114,0.6090909090909091,0
0,0.6538461538461539,0,0.587,0.9,0,2,0.25,0,0.00027043625386651455,0.7909090909090909,0
0,0.7307692307692307,2,0.85,0.6,0,0,0.0,0,0.00024724938533371963,0.9363636363636364,0
0,0.6538461538461539,1,0.581,1.0,0,1,0.0,0,0.00025915552961529466,0.8090909090909091,0
0,0.7692307692307693,0,0.754,1.0,0,0,0.5,0,0.00044868096251772055,0.49090909090909096,0
0,0.8076923076923077,2,0.6,0.5,0,0,1.0,0,0.00046023965122687606,0.33636363636363636,0
1,0.8846153846153846,1,0.553,0.8,0,0,0.25,1,0.00010581180365415319,0.045454545454545456,1
1,0.7692307692307693,0,0.545,0.6,0,0,1.0,1,0.00010546434808173369,0.045454545454545456,1
0,0.7692307692307693,0,0.628,0.9,0,1,0.75,0,0.000407634877562563,0.5363636363636364,0
1,0.7692307692307693,0,0.682,0.4,0,0,0.5,0,0.0003723102276999134,0.7909090909090909,0
0,0.8076923076923077,2,0.549,0.9,0,0,0.5,0,0.0003453476752801598,0.8,0
1,0.7692307692307693,2,0.841,0.5,0,0,0.0,1,4.4289003631072875e-05,0.018181818181818184,1
0,0.6923076923076923,1,0.778,0.6,0,0,0.75,1,0.0001617289871088655,0.03636363636363637,1
0,0.6538461538461539,0,0.783,0.6,0,1,1.0,1,0.00014746014493483784,0.013636363636363636,1
0,0.7692307692307693,0,0.3,0.8,0,0,1.0,1,0.00011354848106669416,0.022727272727272728,1
0,0.7692307692307693,0,0.765,0.4,0,0,1.0,0,0.000424521218382151,0.890909090909091,0
0,0.8076923076923077,1,0.808,0.7,0,0,0.25,0,0.0004164370853971905,0.11818181818181818,0
1,0.7307692307692307,0,0.621,0.8,0,0,0.0,0,0.00027089952796307393,0.7545454545454546,0
0,0.8076923076923077,2,0.43899999999999995,0.3,0,0,1.0,0,0.0004228765953393653,0.5272727272727272,0
1,0.8076923076923077,1,0.713,0.4,0,0,0.0,1,8.53119248814024e-05,0.045454545454545456,1
0,0.7692307692307693,0,0.986,0.4,0,0,0.75,0,0.0003400200231697274,0.2636363636363636,0
0,0.8076923076923077,0,0.841,0.4,0,0,0.0,0,0.0002601747326277252,0.5181818181818182,0
0,0.8076923076923077,2,0.865,0.6,0,0,0.5,0,0.0002644136906112431,0.49090909090909096,0
1,0.6923076923076923,0,0.575,0.7,2,0,0.5,0,0.0004507888596570655,0.5,0
0,0.7692307692307693,0,0.759,0.4,0,0,0.25,0,0.0002844734589922626,0.4818181818181818,0
0,0.6538461538461539,1,0.541,0.8,0,0,0.5,0,0.0004407821391713838,0.13636363636363635,0
1,0.7692307692307693,0,0.717,0.8,0,0,0.0,0,0.00039065588192366323,0.11818181818181818,0
0,0.7692307692307693,2,0.8320000000000001,1.0,0,1,0.0,0,0.00030425526291534636,0.6909090909090909,0
0,0.8461538461538461,0,0.6940000000000001,1.0,0,0,1.0,0,0.0003310325056964762,0.6909090909090909,0
0,0.6923076923076923,0,0.31,0.8,1,0,0.25,0,0.0004586413555937463,0.36363636363636365,0
1,0.8846153846153846,1,0.8320000000000001,0.8,0,0,0.0,0,0.0001140812462777374,0.031818181818181815,1
0,0.7692307692307693,0,0.5940000000000001,0.3,0,0,0.75,1,0.0001232772370944403,0.018181818181818184,1
0,0.8076923076923077,1,0.658,0.6,0,0,0.75,1,0.0003778463531537975,0.9454545454545454,0
1,0.7692307692307693,0,0.5269999999999999,0.8,0,0,0.75,1,0.00015387649117218469,0.022727272727272728,1
0,0.6538461538461539,0,0.3,0.5,2,0,1.0,0,0.0003198907636742241,0.890909090909091,0
0,0.6538461538461539,0,1.0,0.3,0,2,0.25,0,0.0003973733563237737,0.5,0
0,0.6538461538461539,0,0.9380000000000001,0.9,0,0,1.0,1,0.00033999685946489944,0.6909090909090909,0
0,0.6538461538461539,2,0.49000000000000005,1.0,0,1,0.25,1,8.292606328412181e-05,0.013636363636363636,1
0,0.6538461538461539,0,0.5309999999999999,0.7,0,2,0.75,1,0.00017055435864832093,0.045454545454545456,1
1,0.9230769230769231,1,0.798,0.5,0,2,1.0,1,0.00017433004253527954,0.013636363636363636,1
1,0.7307692307692307,0,0.67,0.9,0,1,0.75,1,0.00013314497535115422,0.022727272727272728,1
0,0.6538461538461539,2,0.5700000000000001,0.5,0,0,1.0,0,0.00015760584764948736,0.031818181818181815,1
0,0.6538461538461539,0,0.754,1.0,0,1,0.75,1,0.00046227805725173715,0.9454545454545454,0
0,0.7307692307692307,0,0.654,0.3,0,0,0.5,0,0.0003408307528387062,1.0,0
1,0.8076923076923077,1,0.381,0.6,0,1,0.5,1,8.396843000138032e-05,0.013636363636363636,1
0,0.6538461538461539,0,0.3,1.0,0,0,0.25,0,0.0004656136307469644,0.03636363636363637,0
0,0.8076923076923077,0,0.324,1.0,0,0,0.5,0,7.377639987707485e-05,0.045454545454545456,1
0,0.6538461538461539,1,0.727,0.5,0,1,0.75,1,7.421651026880622e-05,0.03636363636363637,1
0,0.7307692307692307,0,0.942,0.9,0,0,1.0,1,0.00028331527375086423,0.7090909090909091,0
0,0.7307692307692307,2,0.843,1.0,0,0,0.5,0,0.00027928478911079795,0.6727272727272727,0
1,0.7692307692307693,1,1.0,0.6,0,1,0.5,0,8.000743647579798e-05,0.018181818181818184,1
0,0.8076923076923077,0,0.502,0.4,0,1,0.75,0,0.00028405651230535914,0.8545454545454546,0
0,0.7307692307692307,0,0.6599999999999999,1.0,0,0,0.5,0,0.00046010066899790825,0.3181818181818182,0
0,0.8461538461538461,0,0.481,1.0,0,0,0.25,0,0.00031428514710585606,0.06363636363636363,0
0,0.6538461538461539,0,0.899,0.6,3,0,0.75,0,0.0004288759948898088,0.7000000000000001,0
0,0.8076923076923077,0,0.892,0.3,0,1,0.25,1,0.0004036970477418086,0.4454545454545455,0
0,0.7692307692307693,2,0.534,0.5,0,0,0.5,0,0.0003436567248277182,0.14545454545454548,0
1,0.6538461538461539,1,0.612,0.4,0,1,0.25,0,0.00012696026616208704,0.013636363636363636,1
0,0.6538461538461539,0,0.71,0.7,2,0,0.75,0,0.00040165864171694753,0.43636363636363634,0
0,0.9615384615384616,0,0.7030000000000001,0.4,0,0,0.25,0,0.000384494336439424,0.8636363636363636,0
1,0.6923076923076923,0,0.755,0.6,0,1,0.5,0,0.0004293392689863681,0.06363636363636363,0
1,0.7307692307692307,1,0.426,1.0,0,0,0.25,1,8.144358617513192e-05,0.03636363636363637,1
1,0.8461538461538461,2,0.545,0.6,0,0,0.75,1,0.0002943643609538045,0.4,0
1,0.7307692307692307,0,0.692,0.5,0,0,0.25,1,5.285957441742066e-05,0.03636363636363637,1
1,0.8461538461538461,1,0.806,0.9,0,0,0.75,1,0.00011405808257290945,0.04090909090909091,1
0,0.8846153846153846,1,0.6940000000000001,1.0,0,0,0.75,0,0.00010773439115487445,0.045454545454545456,1
1,0.7692307692307693,0,0.635,1.0,0,1,0.75,1,0.00010236041163478611,0.045454545454545456,1
0,0.6538461538461539,0,0.661,0.5,0,1,1.0,0,0.00044244992591899743,0.23636363636363636,0
0,0.8461538461538461,0,0.40199999999999997,0.9,4,0,0.0,0,0.0003820389837276595,0.509090909090909,0
0,0.7307692307692307,2,0.417,0.6,0,0,0.25,0,0.00032714100328537775,0.08181818181818182,0
1,0.8461538461538461,1,0.475,0.5,0,0,1.0,1,0.00017437636994493548,0.013636363636363636,1
1,0.6538461538461539,0,0.365,0.4,3,0,1.0,0,0.00030270329469187255,0.32727272727272727,0
0,0.7692307692307693,2,0.633,0.6,0,0,0.5,0,0.00030217052948082934,0.07272727272727274,0
1,0.8461538461538461,2,0.788,0.5,0,0,0.5,1,0.00013180148047113214,0.045454545454545456,1
1,0.7692307692307693,2,0.629,1.0,0,1,1.0,1,0.00018521698380442403,0.013636363636363636,1
0,0.7692307692307693,1,0.728,0.6,0,0,0.75,1,0.00043645052636855395,0.7272727272727273,0
0,0.6538461538461539,0,0.5980000000000001,0.3,0,0,0.0,0,0.000402029260994195,0.9818181818181819,0
0,0.6538461538461539,0,0.5900000000000001,0.3,0,0,0.75,1,0.0001444720270120301,0.022727272727272728,1
0,0.7692307692307693,0,0.8140000000000001,1.0,0,0,1.0,0,0.00032067832963837494,0.08181818181818182,0
1,0.8461538461538461,1,0.712,0.4,0,0,0.75,0,8.276391735032604e-05,0.045454545454545456,1
0,0.8076923076923077,1,0.564,0.7,0,0,1.0,1,0.0003090964772243915,0.7727272727272727,0
0,0.8461538461538461,0,0.305,1.0,0,0,1.0,1,0.0003744876159537423,0.7545454545454546,0
1,0.7692307692307693,2,0.709,1.0,0,1,1.0,1,0.00019017401663760895,0.022727272727272728,1
1,0.7307692307692307,0,0.362,0.9,0,1,1.0,1,0.00010794286449832616,0.031818181818181815,1
0,0.7307692307692307,0,0.795,0.4,0,0,1.0,1,0.00029193217194686794,0.7181818181818183,0
0,0.7307692307692307,0,1.0,0.5,0,0,0.5,0,0.0004606797616186074,0.890909090909091,0
0,0.6538461538461539,0,0.701,0.6,0,0,0.0,0,0.0002751848133562478,0.12727272727272726,0
1,0.7692307692307693,2,0.6769999999999999,0.9,0,0,0.75,0,0.00014785392791691326,0.045454545454545456,1
0,0.8076923076923077,0,0.866,0.7,0,0,0.75,0,0.00045597752953853015,0.8545454545454546,0
1,0.7307692307692307,0,0.736,0.5,0,0,0.25,0,0.000344490618201525,0.8636363636363636,0
0,0.7692307692307693,2,0.481,0.4,0,0,0.25,0,0.00028646553760746773,1.0,0
0,0.7692307692307693,0,0.52,0.9,0,0,0.25,0,0.0002682125382030297,0.5818181818181819,0
1,0.8076923076923077,0,0.5940000000000001,1.0,0,2,0.5,0,0.00043070592757121816,0.4818181818181818,0
0,0.7692307692307693,2,0.488,0.3,0,0,0.0,1,0.0002798870454363251,0.8545454545454546,0
1,0.7307692307692307,1,0.7769999999999999,0.4,0,0,0.0,1,8.487181448967104e-05,0.02727272727272727,1
1,0.6538461538461539,0,0.761,0.7,0,0,1.0,0,0.0004696441153870306,0.7909090909090909,0
0,0.7692307692307693,1,0.518,0.7,0,1,0.0,1,9.738021509677322e-05,0.013636363636363636,1
0,0.8076923076923077,0,0.7150000000000001,0.4,0,2,1.0,0,0.00035021205329403284,0.20909090909090908,0
0,0.8076923076923077,0,0.316,1.0,0,2,0.0,0,0.0003607747026955858,0.5,0
1,0.8461538461538461,0,0.592,0.4,0,0,0.75,0,0.00044052733841827617,0.7636363636363637,0
0,0.9230769230769231,2,0.817,1.0,0,2,0.0,0,0.0004423109436900296,0.045454545454545456,0
0,0.7692307692307693,0,0.701,0.7,0,0,0.5,0,0.00026807355597406195,0.08181818181818182,0
1,0.7307692307692307,0,0.457,1.0,0,0,1.0,0,0.00036909047272882595,0.05454545454545454,0
0,0.7307692307692307,0,0.754,0.5,0,0,0.25,0,0.00031009251653199403,0.41818181818181815,0
1,0.7692307692307693,0,0.683,0.4,0,2,0.0,1,8.563621674899395e-05,0.03636363636363637,1
0,0.7692307692307693,2,0.662,0.4,0,0,1.0,0,0.00032846133446057187,0.6909090909090909,0
1,0.7307692307692307,0,0.671,0.5,0,1,0.5,1,9.971974928439787e-05,0.013636363636363636,1
0,0.7307692307692307,0,0.674,1.0,4,0,1.0,0,0.000503046177748959,0.7272727272727273,0
0,0.6538461538461539,0,0.692,0.9,0,0,0.5,1,0.0003479188465160641,0.12727272727272726,0
0,0.8461538461538461,1,0.7190000000000001,0.5,0,0,0.25,1,2.3395341876246654e-05,0.031818181818181815,1
1,0.7692307692307693,1,0.799,0.5,0,0,1.0,0,0.00020182536016607634,0.031818181818181815,1
0,0.9230769230769231,2,0.43,0.9,0,0,1.0,0,0.0004154873734992438,0.23636363636363636,0
1,0.8461538461538461,1,0.741,0.3,0,0,1.0,1,0.00014301271360786817,0.03636363636363637,1
1,0.7692307692307693,2,0.502,0.7,0,1,0.75,1,0.00018380399780991804,0.013636363636363636,1
0,0.8076923076923077,2,0.43899999999999995,0.9,0,2,0.75,0,0.00039779030301067707,0.5181818181818182,0
0,0.7307692307692307,0,0.655,0.7,0,1,0.0,1,0.00010988861570387538,0.02727272727272727,1
1,0.7692307692307693,0,0.659,0.8,0,0,0.75,0,0.00029957619454009705,0.02727272727272727,0
1,0.8461538461538461,0,0.5389999999999999,0.4,0,1,0.5,0,4.655904670421364e-05,0.013636363636363636,1
0,0.8846153846153846,1,0.5780000000000001,0.9,0,1,0.75,1,0.0004084919346411978,0.4818181818181818,0
0,0.6923076923076923,0,0.77,0.6,0,0,0.25,1,6.81244558990509e-05,0.022727272727272728,1
1,0.6538461538461539,1,0.654,0.9,0,0,1.0,1,0.00011924675245437404,0.03636363636363637,1
0,0.7307692307692307,1,0.796,0.4,0,1,0.75,0,0.0003514628933547431,0.8454545454545456,0
1,0.8461538461538461,1,0.635,0.3,0,1,0.0,0,0.00010972646977007962,0.04090909090909091,1
0,0.8846153846153846,0,0.8009999999999999,0.3,0,0,1.0,1,0.0003713141883923108,0.09090909090909091,0
1,0.7307692307692307,1,0.521,0.3,0,1,0.25,1,0.0001337935590863373,0.04090909090909091,1
0,0.7692307692307693,0,0.397,0.6,0,1,0.75,0,0.00043413415588575724,0.890909090909091,0
0,0.8461538461538461,1,0.5940000000000001,0.4,0,0,0.0,0,0.0003892660596339852,0.4090909090909091,0
0,0.6538461538461539,0,0.688,1.0,4,1,0.5,1,0.00033649914003587643,0.13636363636363635,0
0,0.8846153846153846,2,0.638,0.5,0,0,0.5,0,0.00030305075026429207,0.7727272727272727,0
0,0.7692307692307693,2,0.561,0.5,4,0,0.75,0,0.0004860208547004033,0.43636363636363634,0
1,0.8076923076923077,0,0.3,0.5,0,0,0.5,1,0.00012174843257579448,0.022727272727272728,1
1,0.6538461538461539,0,0.45599999999999996,0.3,0,0,0.75,1,0.00010245306645409798,0.04090909090909091,1
0,0.7692307692307693,1,0.597,0.3,0,1,0.75,1,9.050059476286701e-05,0.02727272727272727,1
0,0.7307692307692307,0,0.622,0.8,0,1,1.0,1,0.0001227213081785691,0.022727272727272728,1
1,0.6538461538461539,0,0.7030000000000001,0.4,0,0,0.75,1,0.00031572129680519,0.6363636363636364,0
1,0.7307692307692307,0,0.462,0.5,0,0,0.25,0,0.00035982499079763915,0.990909090909091,0
0,0.7692307692307693,0,0.3,0.8,0,0,0.75,0,0.00046010066899790825,0.7909090909090909,0
0,0.6538461538461539,0,0.624,1.0,0,0,0.25,1,0.0001061592592265727,0.013636363636363636,1
0,0.8076923076923077,0,0.62,0.5,0,1,0.75,0,0.00044015671914102866,0.9545454545454546,0
0,0.6538461538461539,1,0.48600000000000004,1.0,0,0,0.25,1,4.452064067935255e-05,0.04090909090909091,1
0,0.8461538461538461,0,0.634,0.8,0,0,0.75,0,0.0004921129090701586,0.4818181818181818,0
1,0.7692307692307693,2,0.503,0.4,0,0,0.75,1,0.00015315841632251772,0.03636363636363637,1
1,0.8461538461538461,1,0.79,0.7,0,0,1.0,1,0.00019994910007501101,0.045454545454545456,1
0,0.7692307692307693,0,0.546,0.9,0,0,0.75,0,0.000466586506349739,0.14545454545454548,0
0,0.8461538461538461,1,0.794,1.0,0,1,0.5,1,0.00037800849908759324,0.05454545454545454,0
0,0.6538461538461539,0,0.72,1.0,0,2,0.75,0,0.0002780107853452598,0.7181818181818183,0
1,0.9230769230769231,1,0.42699999999999994,0.7,0,1,0.5,1,0.0001534595444852813,0.031818181818181815,1
1,0.8076923076923077,0,0.606,1.0,0,0,1.0,0,0.00029519825432761126,0.5,0
0,0.7692307692307693,1,0.493,0.5,0,0,0.0,1,0.0003832203326738858,0.9727272727272727,0
0,0.7692307692307693,2,0.65,0.7,0,1,0.25,0,0.0002782655860983674,0.7000000000000001,0
1,0.7307692307692307,2,0.49000000000000005,0.9,4,0,0.75,1,0.0001667091836468784,0.04090909090909091,1
1,0.7692307692307693,1,0.9400000000000001,0.3,1,0,0.75,1,0.00015566009644393816,0.013636363636363636,1
0,0.6538461538461539,2,0.708,0.7,0,1,1.0,0,0.00033049974048543295,0.4,0
0,0.6923076923076923,0,0.9650000000000001,0.8,2,2,0.5,0,0.0003008038708959793,0.6181818181818182,0
0,0.8076923076923077,0,0.709,0.5,0,0,0.5,0,0.0004705011724656654,0.2545454545454545,0
0,0.7692307692307693,0,0.449,0.8,0,0,0.25,1,0.0002997151767690648,0.890909090909091,0
0,0.6538461538461539,0,0.63,0.8,0,0,0.5,1,0.0004374928930858125,0.20909090909090908,0
1,0.8076923076923077,1,0.986,0.6,0,1,0.0,1,4.5447188872471225e-05,0.031818181818181815,1
0,0.7307692307692307,0,0.503,0.6,0,0,0.75,0,0.00042711555332288327,0.2636363636363636,0
0,0.8076923076923077,2,0.523,0.9,0,0,0.25,0,0.00026842101154648146,0.9545454545454546,0
0,0.7307692307692307,0,0.716,0.8,0,0,0.0,0,0.0002746752118500325,0.21818181818181817,0
1,0.7307692307692307,0,0.453,0.9,0,2,0.5,1,0.00011000443422801521,0.04090909090909091,1
0,0.6923076923076923,1,0.717,0.4,4,1,1.0,1,0.00015343638078045332,0.02727272727272727,1
1,0.6538461538461539,2,0.827,0.8,0,0,0.75,1,0.00013245006420631523,0.018181818181818184,1
1,0.7307692307692307,0,0.58,0.3,0,2,1.0,0,0.00019506155835630998,0.013636363636363636,1
0,0.8461538461538461,1,0.5780000000000001,0.5,0,0,0.75,1,0.000172592764673182,0.02727272727272727,1
0,0.7692307692307693,1,0.433,0.9,0,1,0.75,1,0.00010933268678800417,0.03636363636363637,1
1,0.9230769230769231,1,0.867,1.0,0,0,1.0,1,0.00018391981633405786,0.04090909090909091,1
1,0.7692307692307693,0,0.8089999999999999,0.6,0,2,1.0,1,0.0001629334997599198,0.02727272727272727,1
0,0.7307692307692307,0,0.45599999999999996,0.6,0,0,1.0,0,0.00033281611096822966,0.3,0
1,0.7692307692307693,0,0.6769999999999999,0.9,0,0,0.25,0,0.0004005004564755492,0.3,0
0,0.7692307692307693,1,0.5559999999999999,0.5,0,1,0.25,1,5.790926206991747e-05,0.02727272727272727,1
1,0.8076923076923077,1,0.788,0.9,0,1,1.0,1,0.000189432778083114,0.04090909090909091,1
0,0.8076923076923077,1,0.5730000000000001,0.5,0,1,1.0,1,0.00015721206466741194,0.018181818181818184,1
0,0.6538461538461539,0,0.883,0.4,0,0,0.75,0,0.0003989484882520754,0.7090909090909091,0
1,0.8846153846153846,1,0.9289999999999999,0.4,4,0,0.75,1,0.00012753935878278622,0.02727272727272727,1
0,0.7692307692307693,2,0.85,0.6,0,0,1.0,0,0.00045616283917715385,0.07272727272727274,0
1,0.7692307692307693,0,0.313,0.5,0,2,0.75,1,0.00017157356166075147,0.045454545454545456,1
0,0.6923076923076923,0,1.0,1.0,0,1,0.75,0,8.985201102768394e-05,0.03636363636363637,1
0,0.9615384615384616,1,0.514,0.3,0,0,1.0,0,0.00039751233855274144,0.6,0
0,0.8846153846153846,1,0.72,0.9,0,0,0.75,1,0.00013066645893456178,0.045454545454545456,1
0,0.6538461538461539,0,0.453,0.4,0,0,1.0,0,0.00031430831081068406,0.9636363636363636,0
0,0.6538461538461539,2,0.43499999999999994,0.6,0,2,1.0,1,0.0002867435020654033,0.8181818181818182,0
0,0.6538461538461539,0,0.6,0.7,0,1,0.25,0,0.0004625328580048448,0.06363636363636363,0
1,0.7692307692307693,0,0.6559999999999999,0.7,0,2,0.25,1,0.00010998127052318726,0.018181818181818184,1
1,0.7307692307692307,0,0.755,0.7,0,0,0.75,0,0.00038901125888087754,0.7181818181818183,0
1,0.6538461538461539,0,1.0,0.3,0,2,0.25,1,0.00012779415953589386,0.022727272727272728,1
0,0.6538461538461539,2,0.611,0.4,0,0,1.0,1,0.00011771794793572823,0.045454545454545456,1
1,0.7307692307692307,0,0.726,0.3,0,0,0.75,1,9.673163136159013e-05,0.045454545454545456,1
0,0.6538461538461539,0,0.422,0.7,0,0,0.75,0,0.00046677181598836276,0.8727272727272727,0
1,0.7692307692307693,1,0.791,0.5,0,0,0.0,1,3.6807126971639544e-05,0.013636363636363636,1
0,0.6538461538461539,0,0.8630000000000001,0.6,0,0,0.75,0,0.00036735319486672844,0.20909090909090908,0
0,0.7692307692307693,1,0.48,0.9,0,1,0.5,0,0.0004809016759334226,0.8181818181818182,0
0,0.7692307692307693,0,0.528,0.7,0,0,0.25,0,0.00026063800672428453,0.17272727272727273,0
1,1.0,1,0.577,1.0,0,0,0.25,1,7.398487322052656e-05,0.045454545454545456,1
0,0.7692307692307693,0,0.7070000000000001,1.0,0,0,0.75,0,0.0002798175543218412,0.5818181818181819,0
1,0.7307692307692307,0,0.465,0.5,0,0,0.0,1,0.00039582138810029987,0.7181818181818183,0
0,0.8076923076923077,0,0.572,0.5,0,0,0.25,1,0.00046220856613725326,0.045454545454545456,0
1,0.8461538461538461,1,0.316,0.7,0,1,0.0,0,2.8259719890119723e-05,0.04090909090909091,1
0,0.7692307692307693,2,0.8460000000000001,0.6,0,0,0.75,1,0.0004552826183936911,0.045454545454545456,0
0,0.6538461538461539,0,0.8160000000000001,0.8,0,2,0.75,0,0.00029864964634697833,0.11818181818181818,0
0,0.7692307692307693,0,0.626,0.9,0,0,0.25,0,0.000411850671841253,0.509090909090909,0
1,0.7307692307692307,0,0.702,0.6,0,1,1.0,0,0.0004531052301398622,0.4272727272727273,0
0,0.7692307692307693,0,0.706,0.7,0,0,1.0,1,0.00040777385979153083,0.6363636363636364,0
0,0.7307692307692307,0,0.686,0.6,0,2,1.0,1,0.00030186940131806577,0.4454545454545455,0
0,0.6538461538461539,0,0.533,0.5,0,2,0.25,1,0.0004071021123515198,0.15454545454545454,0
0,0.6538461538461539,0,0.874,0.9,0,0,0.0,0,0.0004624633668903609,0.7818181818181817,0
0,0.7307692307692307,2,0.756,1.0,0,0,0.5,0,0.00040865408057499356,0.4272727272727273,0
0,0.8461538461538461,2,0.7150000000000001,0.4,0,1,0.5,0,0.00030826258385058464,0.18181818181818182,0
1,0.6538461538461539,0,0.53,1.0,0,2,0.75,1,0.00010662253332313203,0.018181818181818184,1
1,0.8076923076923077,1,0.673,0.3,0,1,1.0,1,0.00010766490004039056,0.031818181818181815,1
1,0.7307692307692307,0,0.46399999999999997,0.9,0,2,1.0,1,0.00015959792626469253,0.031818181818181815,1
1,0.9230769230769231,1,0.6910000000000001,0.7,0,0,1.0,1,0.00010796602820315413,0.04090909090909091,1
0,0.7307692307692307,0,0.63,0.9,0,1,0.75,0,0.00030752134529608973,0.5,0
0,0.6538461538461539,0,0.627,0.3,0,1,0.0,1,0.00038359095195113327,0.9454545454545454,0
1,0.6538461538461539,0,0.8160000000000001,0.5,0,0,0.5,1,4.6605374113869575e-05,0.013636363636363636,1
0,0.8076923076923077,1,0.625,0.7,0,1,0.75,0,0.0004347827396209403,0.3090909090909091,0
1,0.7692307692307693,2,0.933,1.0,0,0,0.5,1,0.00010544118437690572,0.04090909090909091,1
1,0.6923076923076923,2,0.45199999999999996,0.8,0,0,1.0,0,0.00015957476255986456,0.031818181818181815,1
0,0.6538461538461539,0,0.784,0.9,0,2,1.0,0,0.00047951185364374457,0.8,0
1,0.8076923076923077,1,0.737,0.5,0,1,0.75,1,8.100347578340055e-05,0.04090909090909091,1
0,0.7692307692307693,0,0.5509999999999999,1.0,0,0,1.0,0,0.0003142156559913722,0.6,0
0,0.6538461538461539,0,0.558,1.0,0,2,0.5,0,0.0002960321477014181,0.3090909090909091,0
1,0.7307692307692307,0,0.646,0.5,0,0,0.25,0,2.3580651514870392e-05,0.031818181818181815,1
0,0.7307692307692307,0,0.522,0.3,0,0,0.75,0,0.00031034731728510166,0.03636363636363637,0
1,0.6538461538461539,0,0.413,0.6,4,2,0.75,1,8.971302879871614e-05,0.02727272727272727,1
0,0.8461538461538461,2,0.623,0.8,0,0,0.75,0,0.00036306790947355453,0.15454545454545454,0
0,0.7692307692307693,0,0.844,0.9,0,0,0.0,0,0.0004369369641699413,0.03636363636363637,0
0,0.8076923076923077,0,1.0,0.5,0,0,0.25,1,0.0004045541048204434,0.43636363636363634,0
0,0.8846153846153846,1,0.425,0.7,0,1,0.0,1,6.817078330870684e-05,0.013636363636363636,1
1,0.6538461538461539,0,1.0,0.4,0,0,0.75,0,0.000496050738890913,0.5363636363636364,0
0,0.6538461538461539,0,0.5660000000000001,0.3,0,1,0.5,1,0.0003575781114293264,0.7000000000000001,0
0,0.8461538461538461,0,0.5660000000000001,0.3,0,0,0.0,0,0.00041729414247582527,0.23636363636363636,0
0,0.7692307692307693,0,0.319,0.8,0,0,0.5,0,0.0003820389837276595,0.07272727272727274,0
0,0.7692307692307693,0,0.969,1.0,0,1,1.0,1,0.0004562786577012937,0.11818181818181818,0
0,0.7692307692307693,2,0.434,0.4,0,0,0.75,1,0.0002963332758641817,0.2545454545454545,0
1,0.7692307692307693,0,0.71,1.0,0,0,0.5,0,0.0004212551360014076,0.20909090909090908,0
0,0.8461538461538461,0,0.331,0.4,0,0,0.75,1,0.000364133439895641,0.2636363636363636,0
1,0.8076923076923077,1,0.592,0.5,0,0,0.25,1,0.00012508400607102172,0.013636363636363636,1
0,0.9230769230769231,1,0.762,0.6,0,1,1.0,1,0.00016279451753095197,0.013636363636363636,1
0,0.7692307692307693,2,0.398,1.0,0,0,0.75,0,0.0004781220313540666,0.990909090909091,0
0,0.8461538461538461,1,0.47300000000000003,0.4,0,0,0.75,1,8.056336539166917e-05,0.045454545454545456,1
0,0.7692307692307693,0,0.612,0.7,1,0,1.0,0,0.0004421024703465779,0.045454545454545456,0
0,0.6538461538461539,1,0.778,0.8,0,0,0.0,0,9.867738256713936e-06,0.02727272727272727,1
0,0.7307692307692307,0,0.765,0.8,0,0,1.0,0,0.0003661255185108462,0.14545454545454548,0
0,0.6538461538461539,1,0.791,0.6,0,0,0.5,0,0.00035940804411073576,0.12727272727272726,0
0,0.7692307692307693,2,0.488,0.8,0,0,0.0,0,0.0004159969750054591,0.36363636363636365,0
1,0.7692307692307693,1,0.327,0.5,0,1,0.0,0,5.4596852279518183e-05,0.04090909090909091,1
0,0.6538461538461539,0,0.8619999999999999,0.4,0,1,0.75,0,0.0004686249123746001,0.41818181818181815,0
0,0.9230769230769231,0,0.571,0.6,0,0,0.25,0,0.00026455267284021094,0.6090909090909091,0
1,0.8076923076923077,0,0.9630000000000001,0.3,0,0,0.25,0,0.0004627644950531245,0.9545454545454546,0
0,0.6923076923076923,0,0.48,0.3,2,0,0.0,0,0.00042065287967588046,0.24545454545454548,0
0,0.7692307692307693,0,0.659,0.9,0,0,0.75,0,0.00034235955735735204,0.02727272727272727,0
1,0.7692307692307693,1,0.751,1.0,0,0,0.25,1,6.497419204244739e-05,0.03636363636363637,1
1,0.7692307692307693,0,0.6719999999999999,1.0,0,0,0.75,1,0.0003125710329485865,0.9727272727272727,0
0,0.8461538461538461,1,0.726,0.7,0,0,0.5,0,0.0002671701714857712,0.3909090909090909,0
1,0.7692307692307693,0,0.679,0.4,0,0,0.25,1,8.477915967035916e-05,0.04090909090909091,1
1,0.6538461538461539,0,0.42000000000000004,0.7,0,2,1.0,1,0.000154362928973572,0.045454545454545456,1
0,0.6923076923076923,0,0.852,0.7,0,1,1.0,0,0.00011109312835492966,0.018181818181818184,1
1,0.7692307692307693,2,0.3,0.7,0,0,0.75,1,0.00016823798816552422,0.03636363636363637,1
0,0.6538461538461539,0,0.749,0.3,0,0,0.75,0,0.00030034059679941996,0.9636363636363636,0
0,0.8461538461538461,2,0.6639999999999999,0.6,0,0,1.0,0,0.0003886406396036301,0.09090909090909091,0
1,0.7692307692307693,0,0.6950000000000001,0.9,0,0,0.0,1,4.804152381320353e-05,0.031818181818181815,1
0,0.8461538461538461,1,0.608,0.7,0,1,0.75,0,0.00032714100328537775,0.5363636363636364,0
0,0.7307692307692307,0,0.6809999999999999,1.0,4,0,0.0,0,0.000260290551151865,0.5272727272727272,0
1,0.6538461538461539,1,0.445,0.9,0,1,0.0,1,0.00010275419461686155,0.02727272727272727,1
1,0.7307692307692307,0,0.7969999999999999,0.9,0,0,0.75,0,0.00048636831027282283,0.11818181818181818,0
0,0.6538461538461539,0,0.481,0.5,0,0,0.75,1,0.00046874073089873996,0.02727272727272727,0
0,0.7692307692307693,0,0.5509999999999999,0.5,0,1,0.5,1,0.00032623761879708703,0.8,0
0,0.7692307692307693,0,0.82,0.5,0,0,0.25,1,0.0003523662778430338,0.7545454545454546,0
0,0.6538461538461539,0,0.7,0.7,0,1,1.0,0,0.0002907739867054696,0.509090909090909,0
0,0.8461538461538461,0,0.747,0.7,0,0,0.5,0,0.00025985044076013363,0.3,0
1,0.7307692307692307,2,0.593,0.3,0,0,0.25,1,0.00012513033348067766,0.045454545454545456,1
1,0.7307692307692307,2,0.8019999999999999,0.4,0,0,0.75,0,0.00016149735006058583,0.013636363636363636,1
0,0.8846153846153846,1,0.495,0.6,0,1,1.0,0,0.0004330222980540148,0.5818181818181819,0
1,0.8076923076923077,2,0.5599999999999999,0.9,0,0,0.0,1,5.730700574439033e-05,0.018181818181818184,1
1,0.9230769230769231,1,0.33199999999999996,0.8,0,1,1.0,0,0.00015795330322190688,0.022727272727272728,1
0,0.7692307692307693,2,0.8109999999999999,1.0,0,0,1.0,1,0.00035002674365540914,0.2727272727272727,0
0,0.8076923076923077,1,0.647,0.9,0,1,0.25,1,7.113573752668662e-05,0.018181818181818184,1
1,0.7307692307692307,1,0.8109999999999999,0.6,0,0,1.0,1,0.00013031900336214227,0.022727272727272728,1
0,0.6538461538461539,0,0.645,0.5,0,2,1.0,0,0.00032600598174880734,0.41818181818181815,0
1,0.7692307692307693,1,0.341,0.9,0,1,0.25,1,0.00010768806374521853,0.04090909090909091,1
0,0.8461538461538461,2,0.5549999999999999,0.7,0,0,0.75,0,0.0004675593819525136,0.7636363636363637,0
1,0.7307692307692307,2,0.622,0.7,0,0,0.5,1,0.00010456096359344298,0.02727272727272727,1
0,0.7307692307692307,0,0.7849999999999999,0.8,4,0,0.75,0,0.00036431874953426476,0.14545454545454548,0
1,0.6538461538461539,0,0.44699999999999995,0.5,3,0,0.0,0,0.00024180591469914736,0.6727272727272727,0
0,0.8461538461538461,2,0.321,0.3,0,0,1.0,0,0.0004551667998695513,0.8727272727272727,0
0,0.8076923076923077,2,0.383,0.6,0,0,0.75,0,0.00046716559897043815,0.4090909090909091,0
0,0.6538461538461539,1,0.587,0.4,0,0,1.0,0,0.0003833129874931977,0.7545454545454546,0
0,0.6923076923076923,0,0.629,1.0,0,0,0.25,1,7.454080213639776e-05,0.04090909090909091,1
0,0.9230769230769231,2,0.954,0.7,0,2,0.75,0,0.00046878705830839584,0.20909090909090908,0
0,0.6923076923076923,2,0.753,1.0,0,0,0.5,1,4.753192230698826e-05,0.045454545454545456,1
0,0.8076923076923077,0,0.629,0.8,0,0,0.75,0,0.00034893804952849467,0.8727272727272727,0
0,0.6923076923076923,1,0.3,0.7,0,1,1.0,1,0.00019121638335486748,0.018181818181818184,1
1,0.7307692307692307,0,0.506,0.3,0,0,1.0,1,0.00034882223100435485,0.3909090909090909,0
0,0.7692307692307693,2,0.768,0.3,0,0,0.5,0,0.0004311460379629495,0.5727272727272728,0
1,0.6538461538461539,0,0.481,0.9,0,0,0.0,1,9.738021509677322e-05,0.013636363636363636,1
1,0.6538461538461539,0,0.646,0.6,0,2,0.75,1,6.97459152370086e-05,0.018181818181818184,1
0,0.6538461538461539,0,0.825,0.4,0,0,0.75,0,0.00016786736888827676,0.04090909090909091,1
0,0.8461538461538461,1,0.866,0.5,0,1,0.75,1,0.00014908160427279553,0.04090909090909091,1
1,0.6923076923076923,2,0.45599999999999996,0.7,0,0,0.75,1,0.0001727549106069778,0.03636363636363637,1
0,0.7692307692307693,2,0.7150000000000001,0.5,0,0,0.75,0,0.00046227805725173715,0.09090909090909091,0
0,0.6538461538461539,1,0.515,0.8,0,1,0.0,0,0.0004029326454824857,0.7727272727272727,0
1,0.8076923076923077,0,0.567,0.7,0,2,0.25,1,3.8034803327521795e-05,0.022727272727272728,1
0,0.7692307692307693,2,0.689,0.4,0,0,0.75,0,0.00034194261067044864,0.6727272727272727,0
1,0.8076923076923077,1,0.589,0.3,0,1,0.75,1,0.00012946194628350748,0.022727272727272728,1
0,0.7692307692307693,0,0.757,0.7,0,0,1.0,0,0.000498899874584753,0.34545454545454546,0
0,0.8076923076923077,0,0.5469999999999999,0.5,0,0,0.25,0,0.00034720077166639716,0.7181818181818183,0
0,0.6538461538461539,0,0.492,0.3,0,0,0.25,1,0.0002497279017503121,0.9363636363636364,0
0,0.7307692307692307,2,0.602,0.3,0,0,0.0,1,0.00030497333776501333,0.35454545454545455,0
1,0.9230769230769231,2,0.357,0.6,0,0,0.5,1,0.0001301568574283465,0.02727272727272727,1
1,0.8076923076923077,0,0.371,0.5,2,0,1.0,0,0.0004067314930742723,0.49090909090909096,0
0,0.8461538461538461,1,0.968,0.5,0,0,0.75,1,0.0003801395599317662,0.7909090909090909,0
1,0.6538461538461539,0,0.8119999999999999,0.7,0,2,0.25,1,0.00012684444763794722,0.022727272727272728,1
